state,date,deaths,cases,Case_Fatality_Ratio
Alabama,2020-03-01,11,232,4.4
Alabama,2020-03-08,19,576,2.81
Alabama,2020-03-15,31,864,4.23
Alabama,2020-03-22,46,1367,2.54
Alabama,2020-03-29,60,1949,2.92
Alabama,2020-04-05,72,2355,3.11
Alabama,2020-04-12,87,2830,3.08
Alabama,2020-04-19,97,3196,3.08
Alabama,2020-04-26,111,3605,4.07
Alabama,2020-05-03,121,3966,3.68
Alabama,2020-05-10,128,4271,2.84
Alabama,2020-05-17,141,4539,4.43
Alabama,2020-05-24,144,4662,2.7
Alabama,2020-05-31,146,4737,2.74
Alabama,2020-06-07,148,4845,2.86
Alabama,2020-06-14,151,5010,1.97
Alabama,2020-06-21,154,5164,1.78
Alabama,2020-06-28,159,5339,2.91
Alabama,2020-07-05,162,5498,2.88
Alabama,2020-07-12,163,5621,1.57
Alabama,2020-07-19,166,5761,1.91
Alabama,2020-07-26,168,5898,1.92
Alabama,2020-08-02,170,6016,2.7
Alabama,2020-08-09,174,6210,2.66
Alabama,2020-08-16,177,6316,2.72
Alabama,2020-08-23,180,6487,2.66
Alabama,2020-08-30,182,6624,1.67
Alabama,2020-09-06,184,6785,2.0
Alabama,2020-09-13,186,6918,1.99
Alabama,2020-09-20,190,7081,2.83
Alabama,2020-09-27,193,7197,2.57
Alabama,2020-10-04,206,7696,2.66
Alabama,2020-10-11,215,8234,2.14
Alabama,2020-10-18,222,8678,1.55
Alabama,2020-10-25,236,9234,2.26
Alabama,2020-11-01,249,9801,2.12
Alabama,2020-11-08,257,10388,1.62
Alabama,2020-11-15,275,10968,2.89
Alabama,2020-11-22,300,11773,2.81
Alabama,2020-11-29,317,12384,2.84
Alabama,2020-12-06,340,13273,2.84
Alabama,2020-12-13,350,13838,1.84
Alabama,2020-12-20,369,14691,2.79
Alabama,2020-12-27,382,15382,2.13
Alabama,2021-01-03,389,15883,1.21
Alabama,2021-01-10,397,16424,1.42
Alabama,2021-01-17,408,16936,1.97
Alabama,2021-01-24,413,17368,1.4
Alabama,2021-01-31,416,17767,0.84
Alabama,2021-02-07,419,18178,0.86
Alabama,2021-02-14,423,18633,1.09
Alabama,2021-02-21,428,18957,1.98
Alabama,2021-02-28,432,19281,1.71
Alabama,2021-03-07,434,19509,1.24
Alabama,2021-03-14,436,19726,1.44
Alabama,2021-03-21,438,19967,1.18
Alabama,2021-03-28,440,20112,1.51
Alabama,2021-04-04,441,20254,1.41
Alabama,2021-04-11,443,20472,1.01
Alabama,2021-04-18,446,20659,1.92
Alabama,2021-04-25,447,20840,0.94
Alabama,2021-05-02,449,21086,1.11
Alabama,2021-05-09,452,21325,1.47
Alabama,2021-05-16,453,21494,0.91
Alabama,2021-05-23,456,21743,1.56
Alabama,2021-05-30,459,21925,1.67
Alabama,2021-06-06,466,22335,1.74
Alabama,2021-06-13,468,22570,0.99
Alabama,2021-06-20,470,22885,0.81
Alabama,2021-06-27,472,23194,0.81
Alabama,2021-07-04,476,23471,1.63
Alabama,2021-07-11,479,23688,1.65
Alabama,2021-07-18,483,23915,1.7
Alabama,2021-07-25,487,24219,1.59
Alabama,2021-08-01,489,24409,1.24
Alabama,2021-08-08,493,24625,1.97
Alabama,2021-08-15,498,24950,1.56
Alabama,2021-08-22,502,25224,1.49
Alabama,2021-08-29,505,25458,1.67
Alabama,2021-09-05,507,25674,1.57
Alabama,2021-09-12,516,26079,1.94
Alabama,2021-09-19,519,26393,0.82
Alabama,2021-09-26,527,26739,1.96
Alabama,2021-10-03,532,27204,1.15
Alabama,2021-10-10,537,27696,1.18
Alabama,2021-10-17,546,28140,1.92
Alabama,2021-10-24,550,28610,0.92
Alabama,2021-10-31,555,29220,0.97
Alabama,2021-11-07,565,29822,1.69
Alabama,2021-11-14,571,30392,1.23
Alabama,2021-11-21,583,31012,1.77
Alabama,2021-11-28,592,31679,1.41
Alabama,2021-12-05,602,32320,1.58
Alabama,2021-12-12,613,32967,1.87
Alabama,2021-12-19,617,33478,0.91
Alabama,2021-12-26,622,33876,1.36
Alaska,2020-03-01,0,31,3.68
Alaska,2020-03-08,1,65,4.15
Alaska,2020-03-15,2,109,3.54
Alaska,2020-03-22,3,163,3.75
Alaska,2020-03-29,4,214,3.56
Alaska,2020-04-05,7,293,3.95
Alaska,2020-04-12,9,366,3.15
Alaska,2020-04-19,10,424,3.38
Alaska,2020-04-26,12,467,4.43
Alaska,2020-05-03,13,525,3.32
Alaska,2020-05-10,14,558,3.0
Alaska,2020-05-17,15,592,3.82
Alaska,2020-05-24,16,618,3.98
Alaska,2020-05-31,16,630,3.34
Alaska,2020-06-07,16,650,2.64
Alaska,2020-06-14,16,666,1.57
Alaska,2020-06-21,16,692,2.56
Alaska,2020-06-28,16,708,2.24
Alaska,2020-07-05,16,725,2.15
Alaska,2020-07-12,16,748,2.45
Alaska,2020-07-19,16,768,2.44
Alaska,2020-07-26,16,794,2.49
Alaska,2020-08-02,16,810,2.46
Alaska,2020-08-09,16,833,2.91
Alaska,2020-08-16,16,853,2.46
Alaska,2020-08-23,16,875,2.91
Alaska,2020-08-30,16,903,2.86
Alaska,2020-09-06,16,919,1.65
Alaska,2020-09-13,16,935,2.52
Alaska,2020-09-20,16,954,2.77
Alaska,2020-09-27,16,980,1.92
Alaska,2020-10-04,18,1058,2.44
Alaska,2020-10-11,20,1146,2.71
Alaska,2020-10-18,22,1214,2.63
Alaska,2020-10-25,24,1332,2.12
Alaska,2020-11-01,26,1445,2.01
Alaska,2020-11-08,28,1569,2.14
Alaska,2020-11-15,30,1691,1.65
Alaska,2020-11-22,32,1800,2.74
Alaska,2020-11-29,34,1936,2.08
Alaska,2020-12-06,36,2072,1.64
Alaska,2020-12-13,40,2208,2.93
Alaska,2020-12-20,42,2320,2.17
Alaska,2020-12-27,44,2409,2.51
Alaska,2021-01-03,45,2520,1.75
Alaska,2021-01-10,45,2608,0.87
Alaska,2021-01-17,46,2686,1.87
Alaska,2021-01-24,46,2743,0.97
Alaska,2021-01-31,46,2814,0.92
Alaska,2021-02-07,46,2881,0.89
Alaska,2021-02-14,46,2940,0.9
Alaska,2021-02-21,46,3001,1.25
Alaska,2021-02-28,47,3052,1.94
Alaska,2021-03-07,47,3085,1.25
Alaska,2021-03-14,47,3119,1.47
Alaska,2021-03-21,47,3155,0.93
Alaska,2021-03-28,47,3175,1.36
Alaska,2021-04-04,47,3197,0.94
Alaska,2021-04-11,47,3230,1.5
Alaska,2021-04-18,47,3257,1.14
Alaska,2021-04-25,47,3281,1.96
Alaska,2021-05-02,47,3318,0.85
Alaska,2021-05-09,47,3347,1.99
Alaska,2021-05-16,47,3377,1.96
Alaska,2021-05-23,47,3408,1.63
Alaska,2021-05-30,47,3439,1.5
Alaska,2021-06-06,47,3474,1.14
Alaska,2021-06-13,47,3530,1.35
Alaska,2021-06-20,47,3567,1.03
Alaska,2021-06-27,47,3604,1.5
Alaska,2021-07-04,48,3654,1.98
Alaska,2021-07-11,48,3692,1.17
Alaska,2021-07-18,48,3733,1.0
Alaska,2021-07-25,48,3776,1.94
Alaska,2021-08-01,48,3815,1.3
Alaska,2021-08-08,48,3860,0.85
Alaska,2021-08-15,48,3895,1.77
Alaska,2021-08-22,48,3926,1.51
Alaska,2021-08-29,49,3979,1.81
Alaska,2021-09-05,49,4022,1.3
Alaska,2021-09-12,49,4056,1.84
Alaska,2021-09-19,50,4120,2.0
Alaska,2021-09-26,51,4181,1.93
Alaska,2021-10-03,51,4228,1.34
Alaska,2021-10-10,52,4303,1.53
Alaska,2021-10-17,53,4372,1.54
Alaska,2021-10-24,53,4422,1.61
Alaska,2021-10-31,54,4502,1.42
Alaska,2021-11-07,55,4575,1.47
Alaska,2021-11-14,55,4644,0.96
Alaska,2021-11-21,56,4732,1.54
Alaska,2021-11-28,56,4796,0.96
Alaska,2021-12-05,57,4868,1.51
Alaska,2021-12-12,58,4945,1.88
Alaska,2021-12-19,59,5026,1.74
Alaska,2021-12-26,60,5112,1.83
Arizona,2020-03-01,12,281,4.35
Arizona,2020-03-08,28,677,3.42
Arizona,2020-03-15,46,1233,3.16
Arizona,2020-03-22,58,1771,2.65
Arizona,2020-03-29,70,2307,2.8
Arizona,2020-04-05,90,3081,2.86
Arizona,2020-04-12,122,3954,3.45
Arizona,2020-04-19,134,4489,2.88
Arizona,2020-04-26,146,4969,3.06
Arizona,2020-05-03,156,5353,2.74
Arizona,2020-05-10,166,5689,3.23
Arizona,2020-05-17,175,6024,2.58
Arizona,2020-05-24,181,6238,2.66
Arizona,2020-05-31,184,6377,2.62
Arizona,2020-06-07,189,6630,2.62
Arizona,2020-06-14,192,6807,2.06
Arizona,2020-06-21,196,7036,2.05
Arizona,2020-06-28,199,7282,1.56
Arizona,2020-07-05,205,7524,2.84
Arizona,2020-07-12,208,7742,1.66
Arizona,2020-07-19,211,7960,1.86
Arizona,2020-07-26,213,8158,1.53
Arizona,2020-08-02,215,8335,1.99
Arizona,2020-08-09,221,8599,2.39
Arizona,2020-08-16,225,8850,2.25
Arizona,2020-08-23,230,9069,2.38
Arizona,2020-08-30,233,9274,1.69
Arizona,2020-09-06,237,9470,2.47
Arizona,2020-09-13,243,9666,2.98
Arizona,2020-09-20,245,9846,1.65
Arizona,2020-09-27,247,10027,1.74
Arizona,2020-10-04,259,10624,1.76
Arizona,2020-10-11,271,11190,2.29
Arizona,2020-10-18,288,12255,1.67
Arizona,2020-10-25,324,13398,2.8
Arizona,2020-11-01,339,14210,1.76
Arizona,2020-11-08,369,15466,2.34
Arizona,2020-11-15,389,16365,2.65
Arizona,2020-11-22,409,17313,2.14
Arizona,2020-11-29,424,18219,1.67
Arizona,2020-12-06,443,19152,2.37
Arizona,2020-12-13,462,20191,2.3
Arizona,2020-12-20,474,21111,1.7
Arizona,2020-12-27,502,22376,1.98
Arizona,2021-01-03,516,23164,1.62
Arizona,2021-01-10,528,24076,1.37
Arizona,2021-01-17,543,24798,1.92
Arizona,2021-01-24,552,25724,0.95
Arizona,2021-01-31,558,26548,1.02
Arizona,2021-02-07,569,27216,1.49
Arizona,2021-02-14,575,27624,1.75
Arizona,2021-02-21,579,27995,1.0
Arizona,2021-02-28,585,28455,1.43
Arizona,2021-03-07,590,28805,1.27
Arizona,2021-03-14,593,29080,1.25
Arizona,2021-03-21,597,29331,1.7
Arizona,2021-03-28,601,29571,1.88
Arizona,2021-04-04,606,29864,1.89
Arizona,2021-04-11,610,30084,1.93
Arizona,2021-04-18,612,30341,0.97
Arizona,2021-04-25,617,30647,1.44
Arizona,2021-05-02,620,30982,0.98
Arizona,2021-05-09,623,31224,1.69
Arizona,2021-05-16,628,31522,1.71
Arizona,2021-05-23,631,31780,1.79
Arizona,2021-05-30,634,32125,0.95
Arizona,2021-06-06,638,32683,0.98
Arizona,2021-06-13,646,33189,1.66
Arizona,2021-06-20,652,33660,1.45
Arizona,2021-06-27,656,34023,1.02
Arizona,2021-07-04,661,34425,1.28
Arizona,2021-07-11,665,34894,0.98
Arizona,2021-07-18,669,35256,1.53
Arizona,2021-07-25,677,35693,1.92
Arizona,2021-08-01,685,36094,1.91
Arizona,2021-08-08,689,36382,1.49
Arizona,2021-08-15,696,36739,1.68
Arizona,2021-08-22,701,37228,1.34
Arizona,2021-08-29,709,37755,1.81
Arizona,2021-09-05,719,38295,1.84
Arizona,2021-09-12,724,38777,1.28
Arizona,2021-09-19,730,39214,1.76
Arizona,2021-09-26,736,39678,1.28
Arizona,2021-10-03,743,40363,1.22
Arizona,2021-10-10,750,41024,1.34
Arizona,2021-10-17,755,41617,0.97
Arizona,2021-10-24,764,42258,1.3
Arizona,2021-10-31,773,42874,1.5
Arizona,2021-11-07,779,43368,1.6
Arizona,2021-11-14,787,44291,0.98
Arizona,2021-11-21,798,44850,2.0
Arizona,2021-11-28,805,45655,0.88
Arizona,2021-12-05,815,46294,1.88
Arizona,2021-12-12,820,46931,0.84
Arizona,2021-12-19,827,47748,0.88
Arizona,2021-12-26,837,48511,1.43
Arkansas,2020-03-01,4,141,3.62
Arkansas,2020-03-08,11,298,4.22
Arkansas,2020-03-15,17,515,3.04
Arkansas,2020-03-22,22,768,2.55
Arkansas,2020-03-29,32,1096,3.82
Arkansas,2020-04-05,39,1346,2.96
Arkansas,2020-04-12,45,1557,2.71
Arkansas,2020-04-19,52,1783,3.81
Arkansas,2020-04-26,58,1974,2.99
Arkansas,2020-05-03,68,2234,4.16
Arkansas,2020-05-10,73,2423,2.91
Arkansas,2020-05-17,76,2579,2.53
Arkansas,2020-05-24,77,2648,2.55
Arkansas,2020-05-31,78,2697,3.34
Arkansas,2020-06-07,79,2804,2.01
Arkansas,2020-06-14,80,2887,2.39
Arkansas,2020-06-21,82,2984,2.11
Arkansas,2020-06-28,83,3070,1.94
Arkansas,2020-07-05,85,3174,1.71
Arkansas,2020-07-12,87,3263,2.84
Arkansas,2020-07-19,88,3349,1.53
Arkansas,2020-07-26,90,3441,2.45
Arkansas,2020-08-02,92,3511,2.75
Arkansas,2020-08-09,93,3602,1.76
Arkansas,2020-08-16,94,3666,2.87
Arkansas,2020-08-23,95,3760,1.91
Arkansas,2020-08-30,97,3858,2.74
Arkansas,2020-09-06,98,3921,1.71
Arkansas,2020-09-13,100,4031,2.4
Arkansas,2020-09-20,102,4130,1.76
Arkansas,2020-09-27,103,4215,2.07
Arkansas,2020-10-04,107,4425,1.75
Arkansas,2020-10-11,112,4663,2.4
Arkansas,2020-10-18,117,4987,1.93
Arkansas,2020-10-25,125,5411,1.95
Arkansas,2020-11-01,136,5805,2.5
Arkansas,2020-11-08,143,6284,1.82
Arkansas,2020-11-15,150,6658,2.39
Arkansas,2020-11-22,159,7103,2.4
Arkansas,2020-11-29,166,7627,1.66
Arkansas,2020-12-06,178,8138,2.24
Arkansas,2020-12-13,186,8563,1.87
Arkansas,2020-12-20,197,9070,2.54
Arkansas,2020-12-27,204,9504,2.04
Arkansas,2021-01-03,209,9990,0.96
Arkansas,2021-01-10,212,10341,1.02
Arkansas,2021-01-17,219,10750,1.68
Arkansas,2021-01-24,225,11083,1.63
Arkansas,2021-01-31,227,11316,1.39
Arkansas,2021-02-07,231,11633,1.93
Arkansas,2021-02-14,235,11879,1.91
Arkansas,2021-02-21,238,12082,1.9
Arkansas,2021-02-28,240,12279,1.16
Arkansas,2021-03-07,242,12433,1.93
Arkansas,2021-03-14,244,12579,1.81
Arkansas,2021-03-21,245,12723,0.84
Arkansas,2021-03-28,245,12823,0.94
Arkansas,2021-04-04,246,12957,1.21
Arkansas,2021-04-11,247,13046,1.18
Arkansas,2021-04-18,248,13187,1.18
Arkansas,2021-04-25,250,13335,1.54
Arkansas,2021-05-02,251,13421,1.84
Arkansas,2021-05-09,253,13568,1.43
Arkansas,2021-05-16,255,13710,2.0
Arkansas,2021-05-23,256,13849,1.28
Arkansas,2021-05-30,258,13978,1.85
Arkansas,2021-06-06,260,14209,1.3
Arkansas,2021-06-13,261,14423,1.09
Arkansas,2021-06-20,262,14585,1.14
Arkansas,2021-06-27,262,14726,0.85
Arkansas,2021-07-04,264,14934,1.31
Arkansas,2021-07-11,266,15106,1.06
Arkansas,2021-07-18,267,15284,0.91
Arkansas,2021-07-25,270,15468,1.93
Arkansas,2021-08-01,271,15629,1.0
Arkansas,2021-08-08,273,15757,1.93
Arkansas,2021-08-15,275,15925,1.42
Arkansas,2021-08-22,276,16057,1.06
Arkansas,2021-08-29,278,16257,1.22
Arkansas,2021-09-05,283,16489,1.86
Arkansas,2021-09-12,285,16738,1.01
Arkansas,2021-09-19,288,16974,1.64
Arkansas,2021-09-26,290,17232,1.07
Arkansas,2021-10-03,293,17467,1.51
Arkansas,2021-10-10,296,17651,1.85
Arkansas,2021-10-17,300,17851,1.87
Arkansas,2021-10-24,306,18180,1.77
Arkansas,2021-10-31,308,18471,0.9
Arkansas,2021-11-07,311,18742,1.11
Arkansas,2021-11-14,313,19045,0.9
Arkansas,2021-11-21,316,19393,0.89
Arkansas,2021-11-28,320,19712,1.38
Arkansas,2021-12-05,325,20101,1.22
Arkansas,2021-12-12,329,20443,1.12
Arkansas,2021-12-19,336,20833,1.59
Arkansas,2021-12-26,343,21236,1.65
California,2020-03-01,89,2211,3.86
California,2020-03-08,184,5160,2.82
California,2020-03-15,293,8943,2.56
California,2020-03-22,388,11683,3.17
California,2020-03-29,530,14725,4.14
California,2020-04-05,621,18691,2.51
California,2020-04-12,817,22866,4.46
California,2020-04-19,937,26018,3.77
California,2020-04-26,1052,29886,2.71
California,2020-05-03,1171,32777,4.43
California,2020-05-10,1260,35212,4.36
California,2020-05-17,1327,37313,3.88
California,2020-05-24,1358,38283,3.92
California,2020-05-31,1379,38930,3.19
California,2020-06-07,1407,39792,2.81
California,2020-06-14,1440,41311,2.62
California,2020-06-21,1457,42680,1.54
California,2020-06-28,1483,43740,2.23
California,2020-07-05,1508,45056,2.17
California,2020-07-12,1540,46595,2.14
California,2020-07-19,1567,47541,2.69
California,2020-07-26,1584,48528,1.62
California,2020-08-02,1613,49824,1.91
California,2020-08-09,1636,50761,2.15
California,2020-08-16,1662,51890,2.46
California,2020-08-23,1691,52915,2.98
California,2020-08-30,1714,54381,1.84
California,2020-09-06,1733,55233,2.48
California,2020-09-13,1770,56678,2.21
California,2020-09-20,1799,57640,2.8
California,2020-09-27,1841,59018,2.77
California,2020-10-04,1897,63094,1.7
California,2020-10-11,2039,68334,2.42
California,2020-10-18,2103,72853,1.68
California,2020-10-25,2206,78332,2.15
California,2020-11-01,2292,83558,1.6
California,2020-11-08,2410,88315,2.7
California,2020-11-15,2480,93891,1.52
California,2020-11-22,2606,99379,2.22
California,2020-11-29,2756,104565,2.54
California,2020-12-06,2862,111466,1.56
California,2020-12-13,2960,115901,1.86
California,2020-12-20,3064,120333,2.25
California,2020-12-27,3178,126395,2.34
California,2021-01-03,3232,130973,1.42
California,2021-01-10,3262,135314,0.84
California,2021-01-17,3302,139436,0.96
California,2021-01-24,3371,143893,1.76
California,2021-01-31,3399,146782,0.93
California,2021-02-07,3434,150411,0.84
California,2021-02-14,3467,152515,1.45
California,2021-02-21,3525,155657,1.66
California,2021-02-28,3555,157751,1.78
California,2021-03-07,3587,159707,1.46
California,2021-03-14,3611,161243,1.57
California,2021-03-21,3624,163044,0.9
California,2021-03-28,3639,164385,0.99
California,2021-04-04,3663,165700,1.97
California,2021-04-11,3686,166979,1.75
California,2021-04-18,3711,168558,1.47
California,2021-04-25,3742,169881,2.0
California,2021-05-02,3761,171605,1.04
California,2021-05-09,3769,172780,0.84
California,2021-05-16,3800,174326,1.84
California,2021-05-23,3822,176137,1.31
California,2021-05-30,3845,177596,1.99
California,2021-06-06,3891,180793,1.49
California,2021-06-13,3935,183595,1.38
California,2021-06-20,3969,186488,1.31
California,2021-06-27,4008,188826,1.89
California,2021-07-04,4046,191101,1.56
California,2021-07-11,4076,192695,1.66
California,2021-07-18,4096,194310,1.09
California,2021-07-25,4125,195909,1.83
California,2021-08-01,4155,197591,1.84
California,2021-08-08,4180,199624,1.23
California,2021-08-15,4204,201278,1.27
California,2021-08-22,4231,203119,1.59
California,2021-08-29,4260,205748,0.96
California,2021-09-05,4280,208066,1.08
California,2021-09-12,4306,210091,1.42
California,2021-09-19,4344,213303,1.32
California,2021-09-26,4387,216354,1.65
California,2021-10-03,4409,218775,0.84
California,2021-10-10,4463,222292,1.37
California,2021-10-17,4531,226291,1.5
California,2021-10-24,4555,229215,0.93
California,2021-10-31,4601,231942,1.44
California,2021-11-07,4626,234738,0.95
California,2021-11-14,4685,239779,1.18
California,2021-11-21,4719,242763,0.98
California,2021-11-28,4770,248149,0.81
California,2021-12-05,4853,252788,1.84
California,2021-12-12,4917,257156,1.39
California,2021-12-19,4943,260564,0.84
California,2021-12-26,4997,265438,1.04
Colorado,2020-03-01,10,370,2.69
Colorado,2020-03-08,23,731,4.24
Colorado,2020-03-15,47,1234,4.18
Colorado,2020-03-22,67,1805,3.49
Colorado,2020-03-29,87,2486,3.64
Colorado,2020-04-05,117,3211,3.88
Colorado,2020-04-12,134,3683,3.82
Colorado,2020-04-19,150,4269,2.71
Colorado,2020-04-26,169,4897,2.6
Colorado,2020-05-03,187,5286,4.24
Colorado,2020-05-10,202,5628,3.98
Colorado,2020-05-17,209,5857,3.15
Colorado,2020-05-24,217,6047,4.02
Colorado,2020-05-31,220,6133,4.14
Colorado,2020-06-07,222,6310,1.51
Colorado,2020-06-14,225,6469,2.09
Colorado,2020-06-21,228,6630,2.17
Colorado,2020-06-28,230,6790,1.84
Colorado,2020-07-05,234,6973,2.5
Colorado,2020-07-12,238,7142,2.07
Colorado,2020-07-19,241,7317,2.22
Colorado,2020-07-26,244,7473,2.07
Colorado,2020-08-02,248,7654,2.3
Colorado,2020-08-09,253,7854,2.72
Colorado,2020-08-16,255,8074,1.53
Colorado,2020-08-23,258,8196,2.47
Colorado,2020-08-30,261,8342,2.89
Colorado,2020-09-06,264,8560,2.03
Colorado,2020-09-13,266,8731,1.89
Colorado,2020-09-20,270,8884,2.7
Colorado,2020-09-27,274,9037,2.42
Colorado,2020-10-04,282,9514,2.12
Colorado,2020-10-11,292,10008,2.52
Colorado,2020-10-18,306,10685,2.56
Colorado,2020-10-25,322,11434,1.88
Colorado,2020-11-01,342,12193,2.71
Colorado,2020-11-08,358,12778,2.45
Colorado,2020-11-15,385,13665,2.73
Colorado,2020-11-22,398,14382,1.82
Colorado,2020-11-29,424,15201,2.76
Colorado,2020-12-06,440,15988,1.86
Colorado,2020-12-13,459,16722,2.73
Colorado,2020-12-20,474,17628,1.64
Colorado,2020-12-27,489,18394,2.38
Colorado,2021-01-03,502,19246,1.84
Colorado,2021-01-10,506,19773,0.83
Colorado,2021-01-17,514,20455,1.46
Colorado,2021-01-24,522,21001,1.51
Colorado,2021-01-31,529,21682,0.96
Colorado,2021-02-07,535,22126,1.31
Colorado,2021-02-14,542,22594,1.99
Colorado,2021-02-21,546,22880,1.67
Colorado,2021-02-28,548,23172,0.9
Colorado,2021-03-07,550,23457,1.03
Colorado,2021-03-14,551,23650,1.23
Colorado,2021-03-21,553,23883,0.88
Colorado,2021-03-28,556,24077,1.45
Colorado,2021-04-04,559,24328,1.44
Colorado,2021-04-11,562,24535,1.6
Colorado,2021-04-18,566,24788,1.47
Colorado,2021-04-25,568,25014,0.87
Colorado,2021-05-02,571,25308,1.01
Colorado,2021-05-09,573,25497,1.44
Colorado,2021-05-16,576,25721,1.71
Colorado,2021-05-23,581,25974,1.75
Colorado,2021-05-30,583,26168,1.28
Colorado,2021-06-06,592,26663,1.91
Colorado,2021-06-13,598,27097,1.43
Colorado,2021-06-20,601,27353,1.71
Colorado,2021-06-27,608,27739,1.74
Colorado,2021-07-04,610,27962,1.16
Colorado,2021-07-11,612,28235,0.91
Colorado,2021-07-18,615,28536,1.17
Colorado,2021-07-25,619,28815,1.52
Colorado,2021-08-01,625,29177,1.4
Colorado,2021-08-08,629,29533,1.05
Colorado,2021-08-15,632,29765,1.78
Colorado,2021-08-22,639,30150,1.84
Colorado,2021-08-29,642,30537,1.17
Colorado,2021-09-05,645,30864,1.01
Colorado,2021-09-12,651,31198,1.97
Colorado,2021-09-19,656,31665,0.96
Colorado,2021-09-26,663,32186,1.38
Colorado,2021-10-03,668,32697,1.01
Colorado,2021-10-10,672,33136,0.98
Colorado,2021-10-17,674,33501,0.83
Colorado,2021-10-24,685,34163,1.46
Colorado,2021-10-31,691,34683,1.17
Colorado,2021-11-07,696,35226,0.93
Colorado,2021-11-14,703,35710,1.54
Colorado,2021-11-21,707,36185,0.87
Colorado,2021-11-28,713,36785,0.87
Colorado,2021-12-05,721,37244,1.63
Colorado,2021-12-12,725,37777,0.97
Colorado,2021-12-19,730,38337,0.92
Colorado,2021-12-26,737,38804,1.41
Connecticut,2020-03-01,7,214,3.73
Connecticut,2020-03-08,15,464,3.55
Connecticut,2020-03-15,24,683,4.27
Connecticut,2020-03-22,32,945,3.24
Connecticut,2020-03-29,50,1361,3.97
Connecticut,2020-04-05,58,1615,3.33
Connecticut,2020-04-12,66,1868,3.02
Connecticut,2020-04-19,74,2130,3.57
Connecticut,2020-04-26,81,2343,2.98
Connecticut,2020-05-03,94,2646,4.42
Connecticut,2020-05-10,99,2803,3.6
Connecticut,2020-05-17,103,2986,2.7
Connecticut,2020-05-24,105,3065,3.15
Connecticut,2020-05-31,106,3120,3.25
Connecticut,2020-06-07,109,3225,2.68
Connecticut,2020-06-14,112,3362,2.68
Connecticut,2020-06-21,114,3482,2.16
Connecticut,2020-06-28,116,3612,1.56
Connecticut,2020-07-05,118,3717,2.46
Connecticut,2020-07-12,121,3850,2.46
Connecticut,2020-07-19,122,3930,2.28
Connecticut,2020-07-26,124,4053,2.27
Connecticut,2020-08-02,125,4131,1.63
Connecticut,2020-08-09,126,4211,1.61
Connecticut,2020-08-16,129,4348,2.61
Connecticut,2020-08-23,131,4442,2.02
Connecticut,2020-08-30,132,4560,1.78
Connecticut,2020-09-06,134,4642,2.49
Connecticut,2020-09-13,135,4734,1.53
Connecticut,2020-09-20,137,4872,1.94
Connecticut,2020-09-27,139,4988,2.07
Connecticut,2020-10-04,146,5255,2.42
Connecticut,2020-10-11,153,5669,2.3
Connecticut,2020-10-18,166,6202,2.7
Connecticut,2020-10-25,180,6781,2.4
Connecticut,2020-11-01,195,7331,2.72
Connecticut,2020-11-08,204,7722,2.01
Connecticut,2020-11-15,212,8158,2.06
Connecticut,2020-11-22,226,8673,2.42
Connecticut,2020-11-29,232,9129,1.68
Connecticut,2020-12-06,246,9793,2.47
Connecticut,2020-12-13,266,10423,2.79
Connecticut,2020-12-20,279,11067,1.88
Connecticut,2020-12-27,293,11548,2.76
Connecticut,2021-01-03,300,12091,1.59
Connecticut,2021-01-10,310,12537,1.98
Connecticut,2021-01-17,312,12827,1.0
Connecticut,2021-01-24,318,13241,1.78
Connecticut,2021-01-31,324,13571,1.81
Connecticut,2021-02-07,328,13872,1.51
Connecticut,2021-02-14,331,14102,1.48
Connecticut,2021-02-21,335,14388,1.56
Connecticut,2021-02-28,336,14556,1.35
Connecticut,2021-03-07,338,14678,1.67
Connecticut,2021-03-14,339,14787,1.28
Connecticut,2021-03-21,340,14905,1.47
Connecticut,2021-03-28,341,15059,1.03
Connecticut,2021-04-04,342,15227,1.47
Connecticut,2021-04-11,343,15393,0.84
Connecticut,2021-04-18,345,15511,1.95
Connecticut,2021-04-25,346,15640,0.98
Connecticut,2021-05-02,349,15816,2.0
Connecticut,2021-05-09,351,15955,1.67
Connecticut,2021-05-16,352,16107,1.27
Connecticut,2021-05-23,353,16268,0.8
Connecticut,2021-05-30,354,16399,1.75
Connecticut,2021-06-06,357,16650,1.38
Connecticut,2021-06-13,359,16816,1.5
Connecticut,2021-06-20,362,17036,1.52
Connecticut,2021-06-27,365,17275,1.12
Connecticut,2021-07-04,366,17468,0.89
Connecticut,2021-07-11,369,17636,1.74
Connecticut,2021-07-18,371,17849,1.42
Connecticut,2021-07-25,372,17991,1.19
Connecticut,2021-08-01,373,18127,1.06
Connecticut,2021-08-08,377,18336,2.0
Connecticut,2021-08-15,379,18541,1.31
Connecticut,2021-08-22,381,18771,0.94
Connecticut,2021-08-29,384,19019,1.26
Connecticut,2021-09-05,386,19247,1.02
Connecticut,2021-09-12,387,19454,0.83
Connecticut,2021-09-19,390,19747,1.13
Connecticut,2021-09-26,393,19975,1.93
Connecticut,2021-10-03,398,20239,1.85
Connecticut,2021-10-10,402,20476,1.76
Connecticut,2021-10-17,404,20781,0.96
Connecticut,2021-10-24,409,21149,1.4
Connecticut,2021-10-31,414,21534,1.72
Connecticut,2021-11-07,417,21909,0.96
Connecticut,2021-11-14,423,22308,1.95
Connecticut,2021-11-21,425,22583,1.14
Connecticut,2021-11-28,430,22908,1.89
Connecticut,2021-12-05,435,23245,1.71
Connecticut,2021-12-12,439,23705,0.88
Connecticut,2021-12-19,441,23990,0.88
Connecticut,2021-12-26,445,24300,1.44
Delaware,2020-03-01,1,44,4.3
Delaware,2020-03-08,4,114,4.43
Delaware,2020-03-15,6,211,2.6
Delaware,2020-03-22,9,286,3.96
Delaware,2020-03-29,11,367,3.81
Delaware,2020-04-05,15,469,3.43
Delaware,2020-04-12,17,573,3.2
Delaware,2020-04-19,18,645,2.95
Delaware,2020-04-26,21,745,3.62
Delaware,2020-05-03,23,799,4.22
Delaware,2020-05-10,24,840,3.92
Delaware,2020-05-17,25,871,3.42
Delaware,2020-05-24,26,893,4.39
Delaware,2020-05-31,26,910,3.42
Delaware,2020-06-07,26,942,2.32
Delaware,2020-06-14,26,971,2.71
Delaware,2020-06-21,26,992,2.68
Delaware,2020-06-28,26,1017,1.75
Delaware,2020-07-05,26,1051,2.28
Delaware,2020-07-12,27,1087,2.82
Delaware,2020-07-19,27,1112,2.18
Delaware,2020-07-26,27,1146,1.54
Delaware,2020-08-02,27,1175,2.86
Delaware,2020-08-09,27,1204,1.66
Delaware,2020-08-16,27,1239,2.07
Delaware,2020-08-23,27,1276,1.81
Delaware,2020-08-30,27,1301,2.69
Delaware,2020-09-06,27,1333,2.7
Delaware,2020-09-13,27,1370,2.3
Delaware,2020-09-20,27,1403,2.69
Delaware,2020-09-27,27,1439,2.86
Delaware,2020-10-04,28,1561,1.71
Delaware,2020-10-11,30,1645,2.84
Delaware,2020-10-18,32,1735,2.16
Delaware,2020-10-25,34,1827,2.82
Delaware,2020-11-01,37,1958,2.95
Delaware,2020-11-08,41,2136,2.5
Delaware,2020-11-15,44,2250,2.82
Delaware,2020-11-22,45,2367,1.52
Delaware,2020-11-29,49,2517,2.58
Delaware,2020-12-06,51,2627,2.6
Delaware,2020-12-13,55,2803,2.73
Delaware,2020-12-20,58,2962,1.97
Delaware,2020-12-27,61,3123,2.19
Delaware,2021-01-03,63,3250,1.79
Delaware,2021-01-10,64,3346,1.65
Delaware,2021-01-17,64,3429,1.09
Delaware,2021-01-24,65,3520,1.34
Delaware,2021-01-31,66,3618,1.55
Delaware,2021-02-07,67,3715,1.37
Delaware,2021-02-14,67,3792,0.95
Delaware,2021-02-21,67,3849,1.62
Delaware,2021-02-28,67,3895,1.83
Delaware,2021-03-07,67,3942,1.14
Delaware,2021-03-14,67,3986,1.42
Delaware,2021-03-21,67,4018,0.84
Delaware,2021-03-28,67,4061,1.93
Delaware,2021-04-04,67,4106,1.75
Delaware,2021-04-11,67,4139,1.89
Delaware,2021-04-18,67,4180,0.93
Delaware,2021-04-25,67,4218,1.84
Delaware,2021-05-02,67,4254,1.97
Delaware,2021-05-09,67,4291,0.85
Delaware,2021-05-16,67,4340,1.14
Delaware,2021-05-23,67,4374,1.89
Delaware,2021-05-30,67,4420,0.82
Delaware,2021-06-06,67,4494,1.17
Delaware,2021-06-13,67,4547,1.85
Delaware,2021-06-20,67,4612,1.45
Delaware,2021-06-27,67,4658,0.81
Delaware,2021-07-04,67,4704,1.52
Delaware,2021-07-11,67,4749,1.69
Delaware,2021-07-18,68,4811,1.82
Delaware,2021-07-25,68,4863,1.87
Delaware,2021-08-01,68,4900,1.09
Delaware,2021-08-08,68,4936,1.5
Delaware,2021-08-15,68,4998,1.43
Delaware,2021-08-22,68,5062,1.52
Delaware,2021-08-29,68,5104,1.89
Delaware,2021-09-05,69,5175,1.85
Delaware,2021-09-12,69,5238,1.32
Delaware,2021-09-19,70,5302,1.73
Delaware,2021-09-26,71,5390,1.33
Delaware,2021-10-03,72,5471,1.51
Delaware,2021-10-10,72,5538,1.41
Delaware,2021-10-17,73,5616,1.39
Delaware,2021-10-24,74,5728,1.52
Delaware,2021-10-31,75,5821,1.56
Delaware,2021-11-07,76,5903,1.23
Delaware,2021-11-14,76,5975,0.97
Delaware,2021-11-21,77,6107,1.2
Delaware,2021-11-28,78,6193,1.53
Delaware,2021-12-05,79,6281,1.42
Delaware,2021-12-12,79,6357,1.06
Delaware,2021-12-19,80,6440,1.21
Delaware,2021-12-26,81,6553,1.42
Florida,2020-03-01,37,1355,3.29
Florida,2020-03-08,75,2848,2.73
Florida,2020-03-15,146,4540,4.25
Florida,2020-03-22,228,6693,4.49
Florida,2020-03-29,285,8492,3.29
Florida,2020-04-05,380,10528,4.32
Florida,2020-04-12,459,12791,3.12
Florida,2020-04-19,543,15345,4.14
Florida,2020-04-26,588,17296,2.6
Florida,2020-05-03,633,18426,3.71
Florida,2020-05-10,663,19370,3.27
Florida,2020-05-17,685,20205,2.74
Florida,2020-05-24,700,20895,2.64
Florida,2020-05-31,714,21201,4.38
Florida,2020-06-07,729,21916,2.04
Florida,2020-06-14,742,22372,2.45
Florida,2020-06-21,763,23061,2.81
Florida,2020-06-28,774,23560,2.85
Florida,2020-07-05,783,24219,1.71
Florida,2020-07-12,794,24834,1.94
Florida,2020-07-19,802,25510,1.57
Florida,2020-07-26,816,26178,2.01
Florida,2020-08-02,837,26883,2.77
Florida,2020-08-09,851,27501,2.51
Florida,2020-08-16,865,28072,2.68
Florida,2020-08-23,888,28833,2.73
Florida,2020-08-30,904,29640,2.15
Florida,2020-09-06,918,30318,2.06
Florida,2020-09-13,935,31043,2.53
Florida,2020-09-20,944,31559,2.15
Florida,2020-09-27,957,32356,2.02
Florida,2020-10-04,995,33832,2.47
Florida,2020-10-11,1026,35893,1.61
Florida,2020-10-18,1083,38100,2.52
Florida,2020-10-25,1136,40567,1.83
Florida,2020-11-01,1196,43349,2.53
Florida,2020-11-08,1242,46331,1.54
Florida,2020-11-15,1309,50321,2.08
Florida,2020-11-22,1350,52617,2.08
Florida,2020-11-29,1409,54922,2.63
Florida,2020-12-06,1476,57734,2.85
Florida,2020-12-13,1567,61767,1.97
Florida,2020-12-20,1673,65031,2.74
Florida,2020-12-27,1745,67601,2.94
Florida,2021-01-03,1776,70193,1.21
Florida,2021-01-10,1806,72251,1.46
Florida,2021-01-17,1854,75021,1.8
Florida,2021-01-24,1872,76942,1.11
Florida,2021-01-31,1887,78386,1.21
Florida,2021-02-07,1918,80637,1.47
Florida,2021-02-14,1933,82280,0.97
Florida,2021-02-21,1953,83786,1.39
Florida,2021-02-28,1984,85422,1.86
Florida,2021-03-07,1996,86319,1.54
Florida,2021-03-14,2002,87126,0.85
Florida,2021-03-21,2013,88009,1.07
Florida,2021-03-28,2031,89082,1.67
Florida,2021-04-04,2042,90134,0.96
Florida,2021-04-11,2052,90801,1.75
Florida,2021-04-18,2069,91857,1.93
Florida,2021-04-25,2085,92699,1.98
Florida,2021-05-02,2100,93748,1.51
Florida,2021-05-09,2108,94498,1.04
Florida,2021-05-16,2119,95300,1.41
Florida,2021-05-23,2138,96201,1.84
Florida,2021-05-30,2154,97014,1.79
Florida,2021-06-06,2179,98504,1.95
Florida,2021-06-13,2197,99533,1.82
Florida,2021-06-20,2220,101068,1.87
Florida,2021-06-27,2239,102552,1.34
Florida,2021-07-04,2258,103794,1.91
Florida,2021-07-11,2277,104893,1.63
Florida,2021-07-18,2287,106108,0.96
Florida,2021-07-25,2302,107094,1.77
Florida,2021-08-01,2315,107986,1.95
Florida,2021-08-08,2340,109411,1.61
Florida,2021-08-15,2348,110400,0.82
Florida,2021-08-22,2368,111809,1.69
Florida,2021-08-29,2393,113226,1.72
Florida,2021-09-05,2421,114732,1.82
Florida,2021-09-12,2432,115768,1.39
Florida,2021-09-19,2446,117148,1.29
Florida,2021-09-26,2460,118560,0.93
Florida,2021-10-03,2481,120650,0.89
Florida,2021-10-10,2498,122418,1.16
Florida,2021-10-17,2532,124259,1.75
Florida,2021-10-24,2544,125671,0.89
Florida,2021-10-31,2561,127445,1.08
Florida,2021-11-07,2606,129934,1.92
Florida,2021-11-14,2637,132644,1.19
Florida,2021-11-21,2672,134517,1.57
Florida,2021-11-28,2703,136953,1.23
Florida,2021-12-05,2736,138758,1.87
Florida,2021-12-12,2772,141044,1.5
Florida,2021-12-19,2797,142804,1.62
Florida,2021-12-26,2850,145472,1.79
Georgia,2020-03-01,16,552,3.54
Georgia,2020-03-08,40,1360,3.04
Georgia,2020-03-15,61,2089,2.77
Georgia,2020-03-22,86,2788,4.0
Georgia,2020-03-29,106,3512,3.52
Georgia,2020-04-05,135,4438,3.91
Georgia,2020-04-12,163,5710,2.51
Georgia,2020-04-19,193,6852,3.13
Georgia,2020-04-26,221,7674,3.04
Georgia,2020-05-03,252,8352,4.08
Georgia,2020-05-10,276,8938,4.32
Georgia,2020-05-17,292,9514,2.68
Georgia,2020-05-24,302,9811,3.28
Georgia,2020-05-31,306,9998,2.51
Georgia,2020-06-07,316,10360,2.5
Georgia,2020-06-14,327,10731,2.93
Georgia,2020-06-21,332,11013,1.66
Georgia,2020-06-28,337,11362,1.57
Georgia,2020-07-05,345,11771,2.25
Georgia,2020-07-12,350,12084,1.81
Georgia,2020-07-19,355,12380,1.58
Georgia,2020-07-26,364,12685,2.73
Georgia,2020-08-02,370,12950,2.49
Georgia,2020-08-09,377,13344,1.82
Georgia,2020-08-16,382,13686,1.94
Georgia,2020-08-23,390,14036,2.61
Georgia,2020-08-30,397,14385,2.09
Georgia,2020-09-06,403,14648,2.84
Georgia,2020-09-13,406,14943,1.59
Georgia,2020-09-20,412,15267,1.9
Georgia,2020-09-27,416,15494,2.07
Georgia,2020-10-04,427,16224,1.69
Georgia,2020-10-11,451,17352,2.11
Georgia,2020-10-18,470,18660,1.51
Georgia,2020-10-25,511,20367,2.28
Georgia,2020-11-01,548,21629,2.66
Georgia,2020-11-08,586,23144,2.96
Georgia,2020-11-15,618,24246,2.66
Georgia,2020-11-22,636,25473,1.9
Georgia,2020-11-29,673,26879,2.66
Georgia,2020-12-06,696,28334,2.06
Georgia,2020-12-13,736,29719,2.47
Georgia,2020-12-20,768,31566,1.54
Georgia,2020-12-27,812,33279,2.67
Georgia,2021-01-03,824,34578,1.16
Georgia,2021-01-10,835,35659,1.1
Georgia,2021-01-17,850,37026,1.37
Georgia,2021-01-24,879,38408,1.93
Georgia,2021-01-31,900,39674,1.45
Georgia,2021-02-07,907,40326,1.24
Georgia,2021-02-14,913,40963,0.97
Georgia,2021-02-21,923,41776,1.49
Georgia,2021-02-28,934,42521,1.56
Georgia,2021-03-07,938,42994,1.11
Georgia,2021-03-14,944,43529,1.15
Georgia,2021-03-21,951,44057,1.65
Georgia,2021-03-28,953,44394,0.81
Georgia,2021-04-04,957,44809,0.96
Georgia,2021-04-11,961,45245,1.09
Georgia,2021-04-18,964,45719,0.89
Georgia,2021-04-25,970,46226,1.35
Georgia,2021-05-02,973,46637,0.85
Georgia,2021-05-09,976,47051,1.05
Georgia,2021-05-16,987,47567,1.98
Georgia,2021-05-23,993,48086,1.09
Georgia,2021-05-30,1001,48436,1.94
Georgia,2021-06-06,1017,49236,1.98
Georgia,2021-06-13,1024,49808,1.32
Georgia,2021-06-20,1032,50278,1.55
Georgia,2021-06-27,1041,50766,1.75
Georgia,2021-07-04,1055,51493,1.95
Georgia,2021-07-11,1065,52206,1.71
Georgia,2021-07-18,1072,52740,1.66
Georgia,2021-07-25,1080,53321,1.6
Georgia,2021-08-01,1089,53879,1.73
Georgia,2021-08-08,1091,54265,0.81
Georgia,2021-08-15,1098,54970,1.07
Georgia,2021-08-22,1104,55456,1.19
Georgia,2021-08-29,1110,56152,0.91
Georgia,2021-09-05,1116,56615,1.38
Georgia,2021-09-12,1121,57142,1.15
Georgia,2021-09-19,1135,58051,1.99
Georgia,2021-09-26,1145,58944,1.25
Georgia,2021-10-03,1166,59888,1.9
Georgia,2021-10-10,1178,60795,1.23
Georgia,2021-10-17,1188,61573,1.48
Georgia,2021-10-24,1198,62625,1.09
Georgia,2021-10-31,1209,63883,0.92
Georgia,2021-11-07,1215,64754,0.85
Georgia,2021-11-14,1229,65626,1.84
Georgia,2021-11-21,1249,67042,1.5
Georgia,2021-11-28,1267,68237,1.42
Georgia,2021-12-05,1281,69245,1.22
Georgia,2021-12-12,1307,70731,1.87
Georgia,2021-12-19,1325,72107,1.37
Georgia,2021-12-26,1337,73074,1.51
Hawaii,2020-03-01,2,65,4.21
Hawaii,2020-03-08,4,135,2.64
Hawaii,2020-03-15,8,249,3.32
Hawaii,2020-03-22,13,404,3.16
Hawaii,2020-03-29,18,567,3.81
Hawaii,2020-04-05,23,745,3.58
Hawaii,2020-04-12,26,882,2.58
Hawaii,2020-04-19,29,1039,2.5
Hawaii,2020-04-26,32,1162,2.61
Hawaii,2020-05-03,34,1248,3.11
Hawaii,2020-05-10,35,1317,2.5
Hawaii,2020-05-17,37,1395,2.95
Hawaii,2020-05-24,38,1441,4.2
Hawaii,2020-05-31,38,1461,3.15
Hawaii,2020-06-07,38,1512,1.77
Hawaii,2020-06-14,39,1566,2.71
Hawaii,2020-06-21,40,1616,2.09
Hawaii,2020-06-28,40,1663,1.62
Hawaii,2020-07-05,40,1712,1.75
Hawaii,2020-07-12,41,1757,2.93
Hawaii,2020-07-19,41,1794,2.4
Hawaii,2020-07-26,42,1843,2.64
Hawaii,2020-08-02,42,1887,2.26
Hawaii,2020-08-09,43,1941,2.74
Hawaii,2020-08-16,44,1990,2.19
Hawaii,2020-08-23,45,2038,2.59
Hawaii,2020-08-30,45,2075,2.71
Hawaii,2020-09-06,45,2114,2.0
Hawaii,2020-09-13,46,2166,2.55
Hawaii,2020-09-20,47,2211,2.92
Hawaii,2020-09-27,47,2251,1.74
Hawaii,2020-10-04,49,2410,2.08
Hawaii,2020-10-11,52,2595,1.52
Hawaii,2020-10-18,56,2810,2.16
Hawaii,2020-10-25,61,3013,2.73
Hawaii,2020-11-01,64,3260,1.58
Hawaii,2020-11-08,69,3489,2.79
Hawaii,2020-11-15,74,3737,2.33
Hawaii,2020-11-22,78,3905,2.8
Hawaii,2020-11-29,82,4098,1.94
Hawaii,2020-12-06,87,4338,2.7
Hawaii,2020-12-13,93,4568,2.36
Hawaii,2020-12-20,97,4826,1.52
Hawaii,2020-12-27,100,4971,2.32
Hawaii,2021-01-03,102,5137,1.22
Hawaii,2021-01-10,104,5295,1.68
Hawaii,2021-01-17,105,5414,1.74
Hawaii,2021-01-24,107,5555,1.62
Hawaii,2021-01-31,108,5652,1.25
Hawaii,2021-02-07,110,5780,1.61
Hawaii,2021-02-14,111,5866,1.3
Hawaii,2021-02-21,111,5937,1.13
Hawaii,2021-02-28,112,6018,1.98
Hawaii,2021-03-07,112,6076,1.02
Hawaii,2021-03-14,112,6120,1.28
Hawaii,2021-03-21,112,6185,1.31
Hawaii,2021-03-28,112,6239,1.12
Hawaii,2021-04-04,112,6296,1.12
Hawaii,2021-04-11,113,6359,1.96
Hawaii,2021-04-18,113,6402,0.89
Hawaii,2021-04-25,113,6453,0.91
Hawaii,2021-05-02,113,6515,1.58
Hawaii,2021-05-09,113,6556,1.96
Hawaii,2021-05-16,114,6620,1.65
Hawaii,2021-05-23,114,6671,1.13
Hawaii,2021-05-30,115,6741,1.94
Hawaii,2021-06-06,116,6817,1.93
Hawaii,2021-06-13,117,6928,1.04
Hawaii,2021-06-20,118,7024,1.62
Hawaii,2021-06-27,118,7081,1.5
Hawaii,2021-07-04,119,7156,1.95
Hawaii,2021-07-11,119,7246,1.03
Hawaii,2021-07-18,119,7340,0.92
Hawaii,2021-07-25,119,7409,0.91
Hawaii,2021-08-01,120,7500,1.32
Hawaii,2021-08-08,120,7571,1.67
Hawaii,2021-08-15,121,7651,1.54
Hawaii,2021-08-22,121,7718,1.66
Hawaii,2021-08-29,122,7786,1.85
Hawaii,2021-09-05,122,7848,1.1
Hawaii,2021-09-12,122,7928,1.1
Hawaii,2021-09-19,123,8024,1.68
Hawaii,2021-09-26,124,8139,0.9
Hawaii,2021-10-03,126,8272,1.77
Hawaii,2021-10-10,127,8420,1.45
Hawaii,2021-10-17,129,8553,1.69
Hawaii,2021-10-24,130,8685,0.88
Hawaii,2021-10-31,132,8856,1.5
Hawaii,2021-11-07,133,8978,1.24
Hawaii,2021-11-14,135,9139,1.74
Hawaii,2021-11-21,136,9302,1.1
Hawaii,2021-11-28,138,9450,1.33
Hawaii,2021-12-05,139,9648,0.88
Hawaii,2021-12-12,140,9787,1.33
Hawaii,2021-12-19,141,9927,1.4
Hawaii,2021-12-26,143,10085,1.91
Idaho,2020-03-01,3,106,3.32
Idaho,2020-03-08,5,207,2.82
Idaho,2020-03-15,8,313,2.87
Idaho,2020-03-22,16,514,4.13
Idaho,2020-03-29,19,650,3.08
Idaho,2020-04-05,24,806,3.53
Idaho,2020-04-12,29,971,3.21
Idaho,2020-04-19,36,1172,3.12
Idaho,2020-04-26,41,1367,3.15
Idaho,2020-05-03,47,1498,4.38
Idaho,2020-05-10,49,1577,3.29
Idaho,2020-05-17,51,1654,2.89
Idaho,2020-05-24,53,1710,4.18
Idaho,2020-05-31,54,1742,3.38
Idaho,2020-06-07,54,1785,2.51
Idaho,2020-06-14,54,1846,1.84
Idaho,2020-06-21,54,1890,1.5
Idaho,2020-06-28,55,1952,2.27
Idaho,2020-07-05,55,1993,1.53
Idaho,2020-07-12,56,2061,1.86
Idaho,2020-07-19,56,2103,1.83
Idaho,2020-07-26,56,2161,1.87
Idaho,2020-08-02,56,2212,1.85
Idaho,2020-08-09,57,2282,2.42
Idaho,2020-08-16,58,2334,2.14
Idaho,2020-08-23,59,2395,2.55
Idaho,2020-08-30,60,2450,2.12
Idaho,2020-09-06,61,2509,2.3
Idaho,2020-09-13,61,2567,1.68
Idaho,2020-09-20,61,2610,2.54
Idaho,2020-09-27,62,2661,2.84
Idaho,2020-10-04,65,2838,2.13
Idaho,2020-10-11,68,3066,1.6
Idaho,2020-10-18,73,3286,2.44
Idaho,2020-10-25,76,3481,1.51
Idaho,2020-11-01,83,3730,2.75
Idaho,2020-11-08,89,4039,2.23
Idaho,2020-11-15,94,4352,2.18
Idaho,2020-11-22,103,4683,2.82
Idaho,2020-11-29,107,4888,2.08
Idaho,2020-12-06,112,5229,1.81
Idaho,2020-12-13,119,5560,2.08
Idaho,2020-12-20,124,5896,1.6
Idaho,2020-12-27,128,6083,2.06
Idaho,2021-01-03,132,6311,2.0
Idaho,2021-01-10,133,6509,1.06
Idaho,2021-01-17,134,6697,0.88
Idaho,2021-01-24,137,6879,1.67
Idaho,2021-01-31,138,7067,0.81
Idaho,2021-02-07,139,7231,1.38
Idaho,2021-02-14,141,7389,1.73
Idaho,2021-02-21,142,7477,1.72
Idaho,2021-02-28,144,7603,1.7
Idaho,2021-03-07,144,7677,0.97
Idaho,2021-03-14,145,7755,1.69
Idaho,2021-03-21,146,7815,1.87
Idaho,2021-03-28,147,7906,1.71
Idaho,2021-04-04,148,7986,1.87
Idaho,2021-04-11,148,8065,0.99
Idaho,2021-04-18,148,8148,1.13
Idaho,2021-04-25,148,8213,1.09
Idaho,2021-05-02,149,8283,1.89
Idaho,2021-05-09,149,8342,0.89
Idaho,2021-05-16,150,8410,1.79
Idaho,2021-05-23,151,8496,1.13
Idaho,2021-05-30,152,8559,1.93
Idaho,2021-06-06,153,8668,1.12
Idaho,2021-06-13,154,8796,1.06
Idaho,2021-06-20,155,8889,1.59
Idaho,2021-06-27,156,9009,1.71
Idaho,2021-07-04,157,9083,1.64
Idaho,2021-07-11,157,9174,0.84
Idaho,2021-07-18,158,9240,1.86
Idaho,2021-07-25,158,9335,0.85
Idaho,2021-08-01,159,9417,1.88
Idaho,2021-08-08,160,9500,1.88
Idaho,2021-08-15,161,9615,1.81
Idaho,2021-08-22,161,9719,0.88
Idaho,2021-08-29,162,9855,1.19
Idaho,2021-09-05,164,9986,1.83
Idaho,2021-09-12,164,10085,0.85
Idaho,2021-09-19,164,10182,0.83
Idaho,2021-09-26,166,10337,1.48
Idaho,2021-10-03,167,10490,1.08
Idaho,2021-10-10,169,10662,1.55
Idaho,2021-10-17,171,10775,1.8
Idaho,2021-10-24,174,10946,1.55
Idaho,2021-10-31,177,11127,1.5
Idaho,2021-11-07,179,11334,1.33
Idaho,2021-11-14,180,11507,1.07
Idaho,2021-11-21,184,11747,1.91
Idaho,2021-11-28,186,11946,1.05
Idaho,2021-12-05,190,12202,1.58
Idaho,2021-12-12,192,12429,1.51
Idaho,2021-12-19,195,12625,1.61
Idaho,2021-12-26,198,12811,1.93
Illinois,2020-03-01,26,640,3.88
Illinois,2020-03-08,49,1543,3.05
Illinois,2020-03-15,83,2627,3.7
Illinois,2020-03-22,129,3910,3.41
Illinois,2020-03-29,163,5398,2.84
Illinois,2020-04-05,222,6891,3.72
Illinois,2020-04-12,295,8412,4.11
Illinois,2020-04-19,335,9631,3.48
Illinois,2020-04-26,363,10481,3.65
Illinois,2020-05-03,406,11626,3.67
Illinois,2020-05-10,420,12293,2.6
Illinois,2020-05-17,434,12807,2.67
Illinois,2020-05-24,453,13245,4.27
Illinois,2020-05-31,461,13410,4.23
Illinois,2020-06-07,468,13724,2.61
Illinois,2020-06-14,479,14178,3.0
Illinois,2020-06-21,492,14654,2.43
Illinois,2020-06-28,500,15030,2.77
Illinois,2020-07-05,506,15376,1.6
Illinois,2020-07-12,520,15833,2.78
Illinois,2020-07-19,524,16121,2.08
Illinois,2020-07-26,529,16438,1.84
Illinois,2020-08-02,533,16768,1.65
Illinois,2020-08-09,542,17071,2.96
Illinois,2020-08-16,551,17563,2.16
Illinois,2020-08-23,559,18016,1.99
Illinois,2020-08-30,563,18338,1.69
Illinois,2020-09-06,570,18689,2.51
Illinois,2020-09-13,577,19006,2.71
Illinois,2020-09-20,585,19354,2.8
Illinois,2020-09-27,590,19642,2.23
Illinois,2020-10-04,619,20916,2.71
Illinois,2020-10-11,646,22337,2.26
Illinois,2020-10-18,676,23928,1.91
Illinois,2020-10-25,700,25125,2.19
Illinois,2020-11-01,731,27156,1.59
Illinois,2020-11-08,777,28901,2.59
Illinois,2020-11-15,839,30944,2.67
Illinois,2020-11-22,883,32632,2.31
Illinois,2020-11-29,949,35117,2.83
Illinois,2020-12-06,987,36681,2.23
Illinois,2020-12-13,1034,38556,2.22
Illinois,2020-12-20,1079,40232,2.79
Illinois,2020-12-27,1116,41803,2.18
Illinois,2021-01-03,1131,43087,1.04
Illinois,2021-01-10,1150,44331,1.48
Illinois,2021-01-17,1169,45746,1.57
Illinois,2021-01-24,1186,47084,1.25
Illinois,2021-01-31,1197,48001,1.49
Illinois,2021-02-07,1205,48908,1.06
Illinois,2021-02-14,1219,50023,1.14
Illinois,2021-02-21,1232,51090,1.49
Illinois,2021-02-28,1243,51784,1.76
Illinois,2021-03-07,1249,52169,1.47
Illinois,2021-03-14,1255,52772,1.01
Illinois,2021-03-21,1260,53198,1.06
Illinois,2021-03-28,1263,53633,1.12
Illinois,2021-04-04,1274,54259,1.75
Illinois,2021-04-11,1279,54848,0.98
Illinois,2021-04-18,1283,55314,0.91
Illinois,2021-04-25,1287,55955,0.85
Illinois,2021-05-02,1292,56377,1.09
Illinois,2021-05-09,1299,56879,1.36
Illinois,2021-05-16,1304,57285,1.38
Illinois,2021-05-23,1316,57827,2.0
Illinois,2021-05-30,1323,58308,1.79
Illinois,2021-06-06,1328,58917,1.05
Illinois,2021-06-13,1342,59722,1.54
Illinois,2021-06-20,1350,60482,1.4
Illinois,2021-06-27,1357,60999,1.46
Illinois,2021-07-04,1363,61825,0.99
Illinois,2021-07-11,1368,62468,1.08
Illinois,2021-07-18,1375,63203,0.93
Illinois,2021-07-25,1380,63759,1.01
Illinois,2021-08-01,1390,64517,1.27
Illinois,2021-08-08,1397,65023,1.73
Illinois,2021-08-15,1409,65766,1.48
Illinois,2021-08-22,1413,66417,0.88
Illinois,2021-08-29,1426,67292,1.43
Illinois,2021-09-05,1432,67941,1.21
Illinois,2021-09-12,1451,68986,1.6
Illinois,2021-09-19,1463,69733,1.53
Illinois,2021-09-26,1480,70555,1.82
Illinois,2021-10-03,1498,71761,1.69
Illinois,2021-10-10,1512,72662,1.96
Illinois,2021-10-17,1533,73899,1.65
Illinois,2021-10-24,1549,75388,1.17
Illinois,2021-10-31,1559,76287,1.33
Illinois,2021-11-07,1582,77421,1.8
Illinois,2021-11-14,1597,78472,1.25
Illinois,2021-11-21,1604,79455,0.91
Illinois,2021-11-28,1620,80897,0.98
Illinois,2021-12-05,1636,82240,1.4
Illinois,2021-12-12,1660,83618,1.59
Illinois,2021-12-19,1688,85241,1.49
Illinois,2021-12-26,1711,86915,1.71
Indiana,2020-03-01,7,238,2.92
Indiana,2020-03-08,22,654,3.3
Indiana,2020-03-15,48,1310,4.32
Indiana,2020-03-22,65,1984,3.04
Indiana,2020-03-29,81,2515,3.18
Indiana,2020-04-05,105,3327,2.74
Indiana,2020-04-12,125,4009,3.08
Indiana,2020-04-19,144,4565,3.69
Indiana,2020-04-26,156,5018,2.73
Indiana,2020-05-03,176,5619,3.19
Indiana,2020-05-10,196,6043,4.36
Indiana,2020-05-17,209,6340,3.81
Indiana,2020-05-24,213,6517,3.15
Indiana,2020-05-31,217,6643,4.1
Indiana,2020-06-07,220,6855,2.2
Indiana,2020-06-14,223,7117,1.82
Indiana,2020-06-21,227,7332,2.61
Indiana,2020-06-28,231,7554,2.3
Indiana,2020-07-05,234,7717,2.35
Indiana,2020-07-12,242,7974,2.73
Indiana,2020-07-19,246,8148,2.95
Indiana,2020-07-26,248,8332,1.58
Indiana,2020-08-02,252,8559,2.19
Indiana,2020-08-09,256,8776,1.88
Indiana,2020-08-16,261,8962,2.74
Indiana,2020-08-23,264,9162,2.03
Indiana,2020-08-30,268,9402,1.99
Indiana,2020-09-06,271,9554,2.2
Indiana,2020-09-13,275,9799,1.83
Indiana,2020-09-20,281,10040,2.74
Indiana,2020-09-27,285,10238,1.95
Indiana,2020-10-04,300,10739,2.9
Indiana,2020-10-11,311,11470,1.55
Indiana,2020-10-18,324,12210,1.74
Indiana,2020-10-25,351,13295,2.34
Indiana,2020-11-01,363,13963,2.13
Indiana,2020-11-08,394,14974,2.91
Indiana,2020-11-15,409,15707,2.03
Indiana,2020-11-22,438,16655,2.75
Indiana,2020-11-29,458,17740,2.06
Indiana,2020-12-06,473,18514,2.03
Indiana,2020-12-13,495,19616,2.49
Indiana,2020-12-20,508,20523,1.77
Indiana,2020-12-27,524,21632,1.56
Indiana,2021-01-03,537,22334,1.86
Indiana,2021-01-10,547,23020,1.4
Indiana,2021-01-17,558,23981,1.06
Indiana,2021-01-24,575,24846,1.9
Indiana,2021-01-31,584,25513,1.28
Indiana,2021-02-07,592,26077,1.61
Indiana,2021-02-14,600,26639,1.79
Indiana,2021-02-21,608,27168,1.45
Indiana,2021-02-28,613,27549,1.25
Indiana,2021-03-07,617,27779,1.81
Indiana,2021-03-14,620,28052,1.17
Indiana,2021-03-21,621,28294,0.85
Indiana,2021-03-28,625,28485,1.97
Indiana,2021-04-04,628,28739,1.67
Indiana,2021-04-11,634,29038,1.77
Indiana,2021-04-18,638,29293,1.74
Indiana,2021-04-25,641,29644,0.83
Indiana,2021-05-02,645,29941,1.63
Indiana,2021-05-09,648,30283,1.02
Indiana,2021-05-16,650,30509,1.17
Indiana,2021-05-23,652,30766,0.99
Indiana,2021-05-30,657,31024,1.71
Indiana,2021-06-06,660,31361,1.27
Indiana,2021-06-13,664,31661,1.59
Indiana,2021-06-20,666,31980,1.08
Indiana,2021-06-27,673,32436,1.97
Indiana,2021-07-04,679,32741,1.84
Indiana,2021-07-11,681,33075,0.86
Indiana,2021-07-18,684,33433,1.27
Indiana,2021-07-25,687,33789,0.81
Indiana,2021-08-01,689,34089,0.85
Indiana,2021-08-08,695,34413,1.97
Indiana,2021-08-15,699,34720,1.65
Indiana,2021-08-22,704,35179,1.25
Indiana,2021-08-29,708,35462,1.31
Indiana,2021-09-05,712,35946,1.07
Indiana,2021-09-12,720,36462,1.92
Indiana,2021-09-19,726,36908,1.2
Indiana,2021-09-26,730,37274,1.05
Indiana,2021-10-03,735,37653,1.39
Indiana,2021-10-10,741,38148,1.27
Indiana,2021-10-17,748,38610,1.49
Indiana,2021-10-24,753,39314,0.98
Indiana,2021-10-31,759,39862,1.23
Indiana,2021-11-07,764,40596,0.87
Indiana,2021-11-14,773,41238,1.64
Indiana,2021-11-21,782,42004,1.11
Indiana,2021-11-28,791,42898,1.16
Indiana,2021-12-05,799,43593,1.09
Indiana,2021-12-12,815,44481,1.61
Indiana,2021-12-19,822,45181,0.99
Indiana,2021-12-26,831,45863,1.61
Iowa,2020-03-01,4,119,4.49
Iowa,2020-03-08,17,386,4.45
Iowa,2020-03-15,28,659,3.66
Iowa,2020-03-22,36,907,3.44
Iowa,2020-03-29,45,1198,3.35
Iowa,2020-04-05,57,1528,4.2
Iowa,2020-04-12,74,1924,3.88
Iowa,2020-04-19,84,2231,4.06
Iowa,2020-04-26,93,2549,2.58
Iowa,2020-05-03,101,2843,3.09
Iowa,2020-05-10,108,3054,3.01
Iowa,2020-05-17,111,3156,2.75
Iowa,2020-05-24,114,3254,4.19
Iowa,2020-05-31,116,3309,3.69
Iowa,2020-06-07,118,3415,2.36
Iowa,2020-06-14,119,3497,2.65
Iowa,2020-06-21,121,3603,1.85
Iowa,2020-06-28,122,3712,1.83
Iowa,2020-07-05,124,3786,2.41
Iowa,2020-07-12,125,3855,2.6
Iowa,2020-07-19,127,3949,2.89
Iowa,2020-07-26,128,4042,1.52
Iowa,2020-08-02,129,4123,1.54
Iowa,2020-08-09,130,4214,2.32
Iowa,2020-08-16,132,4297,2.5
Iowa,2020-08-23,134,4366,2.84
Iowa,2020-08-30,135,4465,2.25
Iowa,2020-09-06,136,4537,2.4
Iowa,2020-09-13,138,4656,2.11
Iowa,2020-09-20,140,4764,1.94
Iowa,2020-09-27,143,4871,2.85
Iowa,2020-10-04,153,5209,2.52
Iowa,2020-10-11,157,5505,1.5
Iowa,2020-10-18,165,5811,2.49
Iowa,2020-10-25,171,6231,1.52
Iowa,2020-11-01,180,6609,2.5
Iowa,2020-11-08,185,7012,1.7
Iowa,2020-11-15,201,7566,2.88
Iowa,2020-11-22,209,7926,2.1
Iowa,2020-11-29,216,8484,1.68
Iowa,2020-12-06,225,9021,2.03
Iowa,2020-12-13,233,9353,2.31
Iowa,2020-12-20,246,9933,2.35
Iowa,2020-12-27,253,10260,2.32
Iowa,2021-01-03,257,10698,1.27
Iowa,2021-01-10,259,10989,1.18
Iowa,2021-01-17,264,11274,1.98
Iowa,2021-01-24,271,11603,1.85
Iowa,2021-01-31,276,11908,1.77
Iowa,2021-02-07,279,12138,1.28
Iowa,2021-02-14,281,12395,1.18
Iowa,2021-02-21,283,12618,0.95
Iowa,2021-02-28,286,12826,1.64
Iowa,2021-03-07,288,12982,1.4
Iowa,2021-03-14,289,13118,1.02
Iowa,2021-03-21,290,13229,1.33
Iowa,2021-03-28,291,13383,1.04
Iowa,2021-04-04,292,13546,0.93
Iowa,2021-04-11,293,13680,1.45
Iowa,2021-04-18,293,13773,0.93
Iowa,2021-04-25,294,13904,1.08
Iowa,2021-05-02,295,14056,0.85
Iowa,2021-05-09,296,14198,1.1
Iowa,2021-05-16,298,14334,1.88
Iowa,2021-05-23,300,14467,1.68
Iowa,2021-05-30,301,14605,1.36
Iowa,2021-06-06,304,14842,1.47
Iowa,2021-06-13,305,15090,0.83
Iowa,2021-06-20,307,15228,1.72
Iowa,2021-06-27,309,15388,1.61
Iowa,2021-07-04,311,15585,1.35
Iowa,2021-07-11,312,15793,1.1
Iowa,2021-07-18,315,15962,1.96
Iowa,2021-07-25,316,16079,1.21
Iowa,2021-08-01,318,16206,1.59
Iowa,2021-08-08,319,16363,1.23
Iowa,2021-08-15,321,16491,1.86
Iowa,2021-08-22,323,16653,1.59
Iowa,2021-08-29,324,16851,0.87
Iowa,2021-09-05,328,17094,1.58
Iowa,2021-09-12,330,17255,1.37
Iowa,2021-09-19,332,17482,1.28
Iowa,2021-09-26,333,17660,1.27
Iowa,2021-10-03,335,17938,1.05
Iowa,2021-10-10,339,18204,1.51
Iowa,2021-10-17,342,18489,1.21
Iowa,2021-10-24,344,18782,0.9
Iowa,2021-10-31,348,19155,1.28
Iowa,2021-11-07,350,19400,0.98
Iowa,2021-11-14,353,19741,0.9
Iowa,2021-11-21,359,20124,1.5
Iowa,2021-11-28,362,20378,1.37
Iowa,2021-12-05,368,20791,1.74
Iowa,2021-12-12,372,21232,0.95
Iowa,2021-12-19,376,21682,1.01
Iowa,2021-12-26,379,21935,1.29
Kansas,2020-03-01,7,154,4.37
Kansas,2020-03-08,16,342,4.12
Kansas,2020-03-15,22,505,4.47
Kansas,2020-03-22,30,816,3.06
Kansas,2020-03-29,39,1089,3.79
Kansas,2020-04-05,48,1304,3.7
Kansas,2020-04-12,55,1573,2.93
Kansas,2020-04-19,64,1772,4.14
Kansas,2020-04-26,73,2031,3.21
Kansas,2020-05-03,82,2247,4.15
Kansas,2020-05-10,88,2443,3.7
Kansas,2020-05-17,93,2600,3.58
Kansas,2020-05-24,95,2668,3.75
Kansas,2020-05-31,96,2705,2.62
Kansas,2020-06-07,98,2807,2.29
Kansas,2020-06-14,99,2903,1.62
Kansas,2020-06-21,100,2973,1.78
Kansas,2020-06-28,101,3055,1.58
Kansas,2020-07-05,102,3143,2.22
Kansas,2020-07-12,103,3249,1.72
Kansas,2020-07-19,104,3313,1.61
Kansas,2020-07-26,106,3404,2.82
Kansas,2020-08-02,107,3516,1.57
Kansas,2020-08-09,108,3580,1.78
Kansas,2020-08-16,109,3675,1.57
Kansas,2020-08-23,110,3781,1.94
Kansas,2020-08-30,111,3851,1.69
Kansas,2020-09-06,112,3940,1.87
Kansas,2020-09-13,115,4054,2.53
Kansas,2020-09-20,116,4123,2.07
Kansas,2020-09-27,117,4188,1.51
Kansas,2020-10-04,123,4493,2.12
Kansas,2020-10-11,127,4788,1.54
Kansas,2020-10-18,132,5061,1.65
Kansas,2020-10-25,141,5449,2.59
Kansas,2020-11-01,146,5814,1.86
Kansas,2020-11-08,155,6145,2.7
Kansas,2020-11-15,166,6582,2.21
Kansas,2020-11-22,171,6906,1.92
Kansas,2020-11-29,184,7421,2.99
Kansas,2020-12-06,197,7958,2.75
Kansas,2020-12-13,207,8363,2.11
Kansas,2020-12-20,215,8702,2.7
Kansas,2020-12-27,225,9159,2.13
Kansas,2021-01-03,234,9614,1.76
Kansas,2021-01-10,237,9874,1.63
Kansas,2021-01-17,241,10184,1.46
Kansas,2021-01-24,246,10484,2.0
Kansas,2021-01-31,249,10780,1.28
Kansas,2021-02-07,253,10970,1.94
Kansas,2021-02-14,257,11236,1.99
Kansas,2021-02-21,259,11410,1.6
Kansas,2021-02-28,261,11573,1.23
Kansas,2021-03-07,262,11695,0.99
Kansas,2021-03-14,263,11816,1.48
Kansas,2021-03-21,264,11950,0.83
Kansas,2021-03-28,265,12087,1.48
Kansas,2021-04-04,267,12218,1.48
Kansas,2021-04-11,269,12352,1.53
Kansas,2021-04-18,269,12443,1.11
Kansas,2021-04-25,270,12567,1.42
Kansas,2021-05-02,271,12649,1.4
Kansas,2021-05-09,272,12783,0.83
Kansas,2021-05-16,273,12931,1.01
Kansas,2021-05-23,274,13019,1.55
Kansas,2021-05-30,275,13129,1.43
Kansas,2021-06-06,276,13288,0.83
Kansas,2021-06-13,279,13479,1.87
Kansas,2021-06-20,281,13684,1.32
Kansas,2021-06-27,283,13889,1.49
Kansas,2021-07-04,284,14024,1.04
Kansas,2021-07-11,286,14158,1.47
Kansas,2021-07-18,287,14300,1.54
Kansas,2021-07-25,288,14410,1.01
Kansas,2021-08-01,289,14532,1.14
Kansas,2021-08-08,290,14709,0.82
Kansas,2021-08-15,293,14878,1.76
Kansas,2021-08-22,294,14992,0.98
Kansas,2021-08-29,296,15155,1.48
Kansas,2021-09-05,300,15351,1.92
Kansas,2021-09-12,302,15563,1.14
Kansas,2021-09-19,303,15708,1.08
Kansas,2021-09-26,304,15888,1.06
Kansas,2021-10-03,308,16161,1.4
Kansas,2021-10-10,311,16361,1.71
Kansas,2021-10-17,313,16583,1.29
Kansas,2021-10-24,319,16922,1.57
Kansas,2021-10-31,323,17165,1.74
Kansas,2021-11-07,329,17485,1.96
Kansas,2021-11-14,333,17716,1.61
Kansas,2021-11-21,336,18035,1.05
Kansas,2021-11-28,339,18312,1.31
Kansas,2021-12-05,342,18677,1.08
Kansas,2021-12-12,345,18954,1.04
Kansas,2021-12-19,350,19356,1.24
Kansas,2021-12-26,356,19755,1.82
Kentucky,2020-03-01,8,286,3.25
Kentucky,2020-03-08,14,501,3.47
Kentucky,2020-03-15,24,800,3.13
Kentucky,2020-03-22,41,1292,3.1
Kentucky,2020-03-29,59,1820,4.03
Kentucky,2020-04-05,82,2321,4.39
Kentucky,2020-04-12,96,2720,3.5
Kentucky,2020-04-19,106,3142,2.74
Kentucky,2020-04-26,122,3587,4.22
Kentucky,2020-05-03,135,3995,3.16
Kentucky,2020-05-10,149,4290,4.12
Kentucky,2020-05-17,155,4458,4.22
Kentucky,2020-05-24,161,4599,3.98
Kentucky,2020-05-31,163,4658,4.25
Kentucky,2020-06-07,165,4756,2.58
Kentucky,2020-06-14,167,4919,2.08
Kentucky,2020-06-21,170,5081,2.32
Kentucky,2020-06-28,173,5234,2.27
Kentucky,2020-07-05,177,5366,2.74
Kentucky,2020-07-12,179,5518,1.66
Kentucky,2020-07-19,182,5667,2.55
Kentucky,2020-07-26,185,5832,2.59
Kentucky,2020-08-02,187,5959,2.83
Kentucky,2020-08-09,191,6131,2.52
Kentucky,2020-08-16,193,6247,1.87
Kentucky,2020-08-23,196,6365,2.66
Kentucky,2020-08-30,197,6470,1.52
Kentucky,2020-09-06,200,6643,2.05
Kentucky,2020-09-13,202,6765,2.28
Kentucky,2020-09-20,205,6930,2.26
Kentucky,2020-09-27,207,7035,2.97
Kentucky,2020-10-04,215,7356,2.49
Kentucky,2020-10-11,225,7808,2.13
Kentucky,2020-10-18,237,8233,2.73
Kentucky,2020-10-25,247,8767,2.19
Kentucky,2020-11-01,261,9456,2.27
Kentucky,2020-11-08,280,10121,2.99
Kentucky,2020-11-15,293,10938,2.02
Kentucky,2020-11-22,303,11487,2.13
Kentucky,2020-11-29,318,11959,2.87
Kentucky,2020-12-06,329,12730,1.75
Kentucky,2020-12-13,343,13220,2.59
Kentucky,2020-12-20,353,13836,1.68
Kentucky,2020-12-27,365,14396,2.06
Kentucky,2021-01-03,369,15054,0.93
Kentucky,2021-01-10,375,15758,1.08
Kentucky,2021-01-17,378,16165,0.85
Kentucky,2021-01-24,384,16703,1.21
Kentucky,2021-01-31,391,17157,1.41
Kentucky,2021-02-07,395,17605,0.81
Kentucky,2021-02-14,401,17925,1.99
Kentucky,2021-02-21,406,18303,1.71
Kentucky,2021-02-28,412,18573,1.99
Kentucky,2021-03-07,414,18709,1.65
Kentucky,2021-03-14,415,18835,1.28
Kentucky,2021-03-21,417,19049,1.2
Kentucky,2021-03-28,418,19175,1.17
Kentucky,2021-04-04,419,19326,0.88
Kentucky,2021-04-11,421,19512,1.15
Kentucky,2021-04-18,424,19678,1.85
Kentucky,2021-04-25,425,19857,1.2
Kentucky,2021-05-02,426,20086,0.87
Kentucky,2021-05-09,427,20244,1.18
Kentucky,2021-05-16,429,20454,0.95
Kentucky,2021-05-23,430,20593,0.88
Kentucky,2021-05-30,432,20739,1.79
Kentucky,2021-06-06,435,20961,1.95
Kentucky,2021-06-13,438,21303,1.0
Kentucky,2021-06-20,440,21491,1.41
Kentucky,2021-06-27,446,21809,1.89
Kentucky,2021-07-04,448,22106,1.04
Kentucky,2021-07-11,450,22309,1.25
Kentucky,2021-07-18,452,22542,0.99
Kentucky,2021-07-25,454,22722,1.17
Kentucky,2021-08-01,458,22988,1.69
Kentucky,2021-08-08,460,23170,1.46
Kentucky,2021-08-15,462,23388,1.3
Kentucky,2021-08-22,466,23600,1.95
Kentucky,2021-08-29,467,23834,0.85
Kentucky,2021-09-05,471,24088,1.94
Kentucky,2021-09-12,474,24421,0.93
Kentucky,2021-09-19,478,24705,1.73
Kentucky,2021-09-26,481,25054,1.03
Kentucky,2021-10-03,490,25489,1.9
Kentucky,2021-10-10,495,25881,1.77
Kentucky,2021-10-17,499,26227,1.18
Kentucky,2021-10-24,502,26596,0.98
Kentucky,2021-10-31,507,27099,1.26
Kentucky,2021-11-07,510,27459,1.08
Kentucky,2021-11-14,518,27953,1.52
Kentucky,2021-11-21,524,28383,1.79
Kentucky,2021-11-28,531,28854,1.76
Kentucky,2021-12-05,537,29227,1.86
Kentucky,2021-12-12,541,29774,0.83
Kentucky,2021-12-19,544,30214,0.87
Kentucky,2021-12-26,548,30631,1.26
Louisiana,2020-03-01,4,183,3.1
Louisiana,2020-03-08,13,559,2.51
Louisiana,2020-03-15,23,841,3.12
Louisiana,2020-03-22,35,1172,4.43
Louisiana,2020-03-29,56,1687,3.59
Louisiana,2020-04-05,71,2167,3.57
Louisiana,2020-04-12,85,2534,4.33
Louisiana,2020-04-19,100,2934,4.02
Louisiana,2020-04-26,120,3430,3.98
Louisiana,2020-05-03,129,3838,2.6
Louisiana,2020-05-10,137,4098,2.95
Louisiana,2020-05-17,144,4343,3.35
Louisiana,2020-05-24,149,4508,3.39
Louisiana,2020-05-31,151,4574,4.32
Louisiana,2020-06-07,155,4735,2.72
Louisiana,2020-06-14,158,4869,2.77
Louisiana,2020-06-21,163,5033,2.91
Louisiana,2020-06-28,167,5192,2.71
Louisiana,2020-07-05,168,5322,1.58
Louisiana,2020-07-12,171,5476,2.18
Louisiana,2020-07-19,173,5603,2.45
Louisiana,2020-07-26,176,5763,2.32
Louisiana,2020-08-02,179,5885,2.62
Louisiana,2020-08-09,182,6000,2.95
Louisiana,2020-08-16,185,6178,2.14
Louisiana,2020-08-23,189,6351,2.29
Louisiana,2020-08-30,191,6469,2.17
Louisiana,2020-09-06,192,6584,1.5
Louisiana,2020-09-13,195,6763,1.86
Louisiana,2020-09-20,198,6931,2.33
Louisiana,2020-09-27,202,7089,2.4
Louisiana,2020-10-04,217,7607,2.96
Louisiana,2020-10-11,226,8053,2.47
Louisiana,2020-10-18,236,8719,1.68
Louisiana,2020-10-25,251,9409,2.4
Louisiana,2020-11-01,266,10017,2.78
Louisiana,2020-11-08,280,10811,1.63
Louisiana,2020-11-15,294,11626,1.77
Louisiana,2020-11-22,308,12178,2.56
Louisiana,2020-11-29,319,12933,1.79
Louisiana,2020-12-06,329,13437,1.98
Louisiana,2020-12-13,349,14268,2.5
Louisiana,2020-12-20,374,15113,2.58
Louisiana,2020-12-27,384,15760,1.89
Louisiana,2021-01-03,389,16443,0.95
Louisiana,2021-01-10,397,17015,1.48
Louisiana,2021-01-17,402,17429,1.26
Louisiana,2021-01-24,413,18033,1.67
Louisiana,2021-01-31,419,18525,1.51
Louisiana,2021-02-07,425,18943,1.55
Louisiana,2021-02-14,429,19280,1.43
Louisiana,2021-02-21,432,19586,1.04
Louisiana,2021-02-28,433,19807,0.9
Louisiana,2021-03-07,435,20011,1.33
Louisiana,2021-03-14,437,20203,1.22
Louisiana,2021-03-21,440,20436,1.4
Louisiana,2021-03-28,441,20648,0.84
Louisiana,2021-04-04,443,20816,1.9
Louisiana,2021-04-11,446,21008,1.69
Louisiana,2021-04-18,448,21147,1.97
Louisiana,2021-04-25,450,21346,1.08
Louisiana,2021-05-02,451,21524,0.89
Louisiana,2021-05-09,453,21748,1.09
Louisiana,2021-05-16,455,21934,1.72
Louisiana,2021-05-23,456,22128,0.94
Louisiana,2021-05-30,458,22264,1.8
Louisiana,2021-06-06,461,22488,1.33
Louisiana,2021-06-13,463,22737,1.31
Louisiana,2021-06-20,467,23003,1.49
Louisiana,2021-06-27,469,23237,1.18
Louisiana,2021-07-04,471,23466,0.92
Louisiana,2021-07-11,477,23774,1.96
Louisiana,2021-07-18,480,24023,1.64
Louisiana,2021-07-25,483,24274,1.35
Louisiana,2021-08-01,485,24543,1.14
Louisiana,2021-08-08,487,24840,0.87
Louisiana,2021-08-15,491,25144,1.53
Louisiana,2021-08-22,493,25359,1.21
Louisiana,2021-08-29,496,25634,1.42
Louisiana,2021-09-05,499,25833,1.96
Louisiana,2021-09-12,502,26149,0.9
Louisiana,2021-09-19,507,26547,1.49
Louisiana,2021-09-26,512,26899,1.72
Louisiana,2021-10-03,519,27336,1.58
Louisiana,2021-10-10,522,27741,0.96
Louisiana,2021-10-17,528,28067,1.89
Louisiana,2021-10-24,532,28529,1.16
Louisiana,2021-10-31,538,29033,1.37
Louisiana,2021-11-07,541,29520,0.85
Louisiana,2021-11-14,546,29982,0.98
Louisiana,2021-11-21,549,30382,0.96
Louisiana,2021-11-28,556,30958,1.31
Louisiana,2021-12-05,558,31317,0.84
Louisiana,2021-12-12,567,31923,1.86
Louisiana,2021-12-19,576,32447,1.9
Louisiana,2021-12-26,582,33059,0.96
Maine,2020-03-01,3,78,4.38
Maine,2020-03-08,6,159,4.38
Maine,2020-03-15,10,254,3.9
Maine,2020-03-22,14,406,2.91
Maine,2020-03-29,17,556,2.63
Maine,2020-04-05,21,674,3.11
Maine,2020-04-12,27,819,3.94
Maine,2020-04-19,31,936,4.1
Maine,2020-04-26,35,1075,2.86
Maine,2020-05-03,37,1155,3.15
Maine,2020-05-10,39,1227,3.72
Maine,2020-05-17,40,1292,2.96
Maine,2020-05-24,40,1325,3.45
Maine,2020-05-31,40,1344,3.3
Maine,2020-06-07,41,1386,2.83
Maine,2020-06-14,42,1429,2.5
Maine,2020-06-21,42,1474,2.12
Maine,2020-06-28,42,1502,2.54
Maine,2020-07-05,42,1531,2.05
Maine,2020-07-12,42,1569,2.25
Maine,2020-07-19,43,1615,2.37
Maine,2020-07-26,44,1664,2.19
Maine,2020-08-02,45,1702,2.95
Maine,2020-08-09,45,1732,2.79
Maine,2020-08-16,45,1762,2.32
Maine,2020-08-23,46,1812,1.81
Maine,2020-08-30,46,1854,1.58
Maine,2020-09-06,46,1895,1.94
Maine,2020-09-13,46,1944,1.96
Maine,2020-09-20,46,1975,1.95
Maine,2020-09-27,46,2015,1.84
Maine,2020-10-04,49,2132,2.91
Maine,2020-10-11,52,2318,2.23
Maine,2020-10-18,56,2512,2.19
Maine,2020-10-25,58,2731,1.58
Maine,2020-11-01,61,2935,1.92
Maine,2020-11-08,63,3072,1.53
Maine,2020-11-15,66,3226,2.2
Maine,2020-11-22,69,3419,1.54
Maine,2020-11-29,73,3563,2.64
Maine,2020-12-06,77,3758,2.3
Maine,2020-12-13,83,3945,2.83
Maine,2020-12-20,87,4120,2.42
Maine,2020-12-27,92,4357,2.26
Maine,2021-01-03,94,4509,1.95
Maine,2021-01-10,95,4681,1.14
Maine,2021-01-17,97,4823,2.0
Maine,2021-01-24,98,4967,0.9
Maine,2021-01-31,99,5086,1.41
Maine,2021-02-07,99,5185,0.9
Maine,2021-02-14,101,5311,1.93
Maine,2021-02-21,102,5403,1.89
Maine,2021-02-28,103,5497,1.94
Maine,2021-03-07,103,5540,1.95
Maine,2021-03-14,103,5578,1.11
Maine,2021-03-21,104,5638,1.68
Maine,2021-03-28,104,5685,1.45
Maine,2021-04-04,104,5736,1.0
Maine,2021-04-11,104,5802,1.4
Maine,2021-04-18,104,5847,1.45
Maine,2021-04-25,105,5901,1.99
Maine,2021-05-02,105,5951,1.73
Maine,2021-05-09,105,6001,1.22
Maine,2021-05-16,105,6064,1.38
Maine,2021-05-23,105,6120,1.21
Maine,2021-05-30,105,6165,1.07
Maine,2021-06-06,105,6242,0.81
Maine,2021-06-13,106,6327,1.33
Maine,2021-06-20,107,6410,1.84
Maine,2021-06-27,108,6489,1.84
Maine,2021-07-04,108,6571,1.25
Maine,2021-07-11,108,6639,1.27
Maine,2021-07-18,109,6697,1.96
Maine,2021-07-25,109,6754,1.22
Maine,2021-08-01,110,6841,1.33
Maine,2021-08-08,111,6911,1.63
Maine,2021-08-15,111,6992,0.86
Maine,2021-08-22,111,7061,1.22
Maine,2021-08-29,111,7138,1.18
Maine,2021-09-05,112,7210,1.97
Maine,2021-09-12,113,7294,1.49
Maine,2021-09-19,114,7372,1.62
Maine,2021-09-26,115,7476,0.91
Maine,2021-10-03,116,7552,1.52
Maine,2021-10-10,117,7643,1.81
Maine,2021-10-17,118,7783,1.35
Maine,2021-10-24,119,7878,1.94
Maine,2021-10-31,120,7982,1.22
Maine,2021-11-07,121,8118,0.95
Maine,2021-11-14,122,8234,1.06
Maine,2021-11-21,123,8393,1.06
Maine,2021-11-28,126,8528,1.97
Maine,2021-12-05,127,8702,1.09
Maine,2021-12-12,128,8834,1.12
Maine,2021-12-19,131,9008,1.83
Maine,2021-12-26,133,9145,1.62
Maryland,2020-03-01,7,227,3.9
Maryland,2020-03-08,19,605,3.16
Maryland,2020-03-15,38,1165,3.11
Maryland,2020-03-22,55,1647,3.39
Maryland,2020-03-29,81,2312,4.47
Maryland,2020-04-05,110,2989,3.72
Maryland,2020-04-12,129,3472,4.0
Maryland,2020-04-19,145,3969,3.45
Maryland,2020-04-26,168,4511,4.28
Maryland,2020-05-03,181,4986,3.54
Maryland,2020-05-10,190,5281,3.48
Maryland,2020-05-17,196,5491,3.51
Maryland,2020-05-24,200,5638,3.43
Maryland,2020-05-31,205,5759,4.24
Maryland,2020-06-07,209,5900,2.66
Maryland,2020-06-14,212,6115,1.67
Maryland,2020-06-21,217,6337,2.37
Maryland,2020-06-28,220,6517,2.29
Maryland,2020-07-05,223,6717,1.62
Maryland,2020-07-12,226,6879,2.32
Maryland,2020-07-19,230,7085,2.69
Maryland,2020-07-26,232,7226,1.72
Maryland,2020-08-02,235,7414,2.2
Maryland,2020-08-09,241,7615,2.8
Maryland,2020-08-16,243,7814,1.61
Maryland,2020-08-23,245,7949,1.89
Maryland,2020-08-30,248,8107,2.08
Maryland,2020-09-06,253,8304,2.75
Maryland,2020-09-13,256,8446,2.6
Maryland,2020-09-20,260,8646,2.01
Maryland,2020-09-27,263,8805,1.92
Maryland,2020-10-04,274,9228,2.55
Maryland,2020-10-11,301,10013,2.96
Maryland,2020-10-18,316,10540,2.73
Maryland,2020-10-25,331,11378,1.69
Maryland,2020-11-01,360,12436,2.87
Maryland,2020-11-08,374,13060,2.04
Maryland,2020-11-15,392,14063,2.19
Maryland,2020-11-22,414,14939,2.2
Maryland,2020-11-29,433,15943,1.97
Maryland,2020-12-06,452,16625,2.96
Maryland,2020-12-13,471,17521,2.03
Maryland,2020-12-20,493,18488,2.57
Maryland,2020-12-27,506,19239,1.69
Maryland,2021-01-03,516,19816,1.52
Maryland,2021-01-10,528,20735,1.34
Maryland,2021-01-17,537,21247,1.6
Maryland,2021-01-24,544,21776,1.31
Maryland,2021-01-31,551,22467,1.09
Maryland,2021-02-07,555,22878,0.92
Maryland,2021-02-14,562,23414,1.71
Maryland,2021-02-21,568,23898,1.33
Maryland,2021-02-28,571,24270,0.91
Maryland,2021-03-07,573,24529,1.02
Maryland,2021-03-14,574,24729,0.87
Maryland,2021-03-21,575,25026,0.82
Maryland,2021-03-28,579,25283,1.78
Maryland,2021-04-04,582,25507,1.52
Maryland,2021-04-11,585,25683,1.68
Maryland,2021-04-18,589,25942,1.69
Maryland,2021-04-25,591,26145,1.22
Maryland,2021-05-02,594,26337,1.61
Maryland,2021-05-09,598,26652,1.55
Maryland,2021-05-16,601,26840,1.78
Maryland,2021-05-23,605,27104,1.74
Maryland,2021-05-30,607,27400,0.87
Maryland,2021-06-06,612,27895,1.14
Maryland,2021-06-13,617,28237,1.95
Maryland,2021-06-20,621,28618,1.0
Maryland,2021-06-27,624,28896,1.08
Maryland,2021-07-04,627,29309,1.05
Maryland,2021-07-11,633,29678,1.4
Maryland,2021-07-18,636,29924,1.58
Maryland,2021-07-25,640,30169,1.62
Maryland,2021-08-01,644,30526,1.17
Maryland,2021-08-08,649,30822,1.98
Maryland,2021-08-15,652,31105,1.23
Maryland,2021-08-22,656,31391,1.9
Maryland,2021-08-29,660,31827,0.92
Maryland,2021-09-05,665,32290,1.0
Maryland,2021-09-12,672,32673,1.93
Maryland,2021-09-19,675,33042,1.03
Maryland,2021-09-26,677,33378,0.97
Maryland,2021-10-03,683,33828,1.75
Maryland,2021-10-10,688,34217,1.57
Maryland,2021-10-17,692,34617,1.0
Maryland,2021-10-24,700,35278,1.22
Maryland,2021-10-31,710,35871,1.61
Maryland,2021-11-07,715,36521,1.12
Maryland,2021-11-14,726,37129,1.87
Maryland,2021-11-21,739,37900,1.99
Maryland,2021-11-28,753,38633,1.61
Maryland,2021-12-05,765,39496,1.62
Maryland,2021-12-12,773,40293,0.93
Maryland,2021-12-19,784,41139,1.26
Maryland,2021-12-26,791,41788,1.33
Massachusetts,2020-03-01,20,406,4.37
Massachusetts,2020-03-08,37,772,4.25
Massachusetts,2020-03-15,48,1240,2.63
Massachusetts,2020-03-22,80,2021,3.77
Massachusetts,2020-03-29,98,2601,3.94
Massachusetts,2020-04-05,118,3250,3.75
Massachusetts,2020-04-12,144,4078,2.97
Massachusetts,2020-04-19,163,4695,3.69
Massachusetts,2020-04-26,179,5113,4.32
Massachusetts,2020-05-03,202,5710,4.5
Massachusetts,2020-05-10,217,6054,3.83
Massachusetts,2020-05-17,231,6423,3.51
Massachusetts,2020-05-24,239,6576,4.45
Massachusetts,2020-05-31,241,6663,3.1
Massachusetts,2020-06-07,245,6845,2.72
Massachusetts,2020-06-14,248,7003,2.01
Massachusetts,2020-06-21,252,7230,2.12
Massachusetts,2020-06-28,258,7502,2.73
Massachusetts,2020-07-05,260,7658,1.58
Massachusetts,2020-07-12,266,7879,2.89
Massachusetts,2020-07-19,271,8133,2.17
Massachusetts,2020-07-26,274,8373,1.76
Massachusetts,2020-08-02,277,8601,1.61
Massachusetts,2020-08-09,283,8816,2.99
Massachusetts,2020-08-16,289,9066,2.15
Massachusetts,2020-08-23,295,9288,2.83
Massachusetts,2020-08-30,300,9512,2.45
Massachusetts,2020-09-06,302,9677,1.64
Massachusetts,2020-09-13,306,9935,1.85
Massachusetts,2020-09-20,310,10175,1.98
Massachusetts,2020-09-27,315,10343,2.94
Massachusetts,2020-10-04,334,11163,2.11
Massachusetts,2020-10-11,341,11747,1.51
Massachusetts,2020-10-18,359,12601,2.18
Massachusetts,2020-10-25,373,13218,2.13
Massachusetts,2020-11-01,393,14119,2.6
Massachusetts,2020-11-08,417,15285,2.38
Massachusetts,2020-11-15,440,16142,2.44
Massachusetts,2020-11-22,461,17132,1.89
Massachusetts,2020-11-29,486,18293,2.17
Massachusetts,2020-12-06,505,19157,2.44
Massachusetts,2020-12-13,534,20498,2.22
Massachusetts,2020-12-20,567,21541,2.88
Massachusetts,2020-12-27,591,22473,2.58
Massachusetts,2021-01-03,600,23377,1.03
Massachusetts,2021-01-10,612,24095,1.9
Massachusetts,2021-01-17,627,25088,1.44
Massachusetts,2021-01-24,633,25818,0.96
Massachusetts,2021-01-31,640,26305,1.55
Massachusetts,2021-02-07,646,26974,1.06
Massachusetts,2021-02-14,656,27457,1.91
Massachusetts,2021-02-21,661,27891,1.42
Massachusetts,2021-02-28,668,28422,1.6
Massachusetts,2021-03-07,671,28717,0.93
Massachusetts,2021-03-14,674,28943,1.58
Massachusetts,2021-03-21,679,29260,1.73
Massachusetts,2021-03-28,683,29560,1.87
Massachusetts,2021-04-04,686,29812,1.1
Massachusetts,2021-04-11,690,30074,1.68
Massachusetts,2021-04-18,692,30306,1.09
Massachusetts,2021-04-25,694,30572,1.08
Massachusetts,2021-05-02,700,30917,1.96
Massachusetts,2021-05-09,702,31170,0.81
Massachusetts,2021-05-16,704,31506,0.98
Massachusetts,2021-05-23,708,31836,1.54
Massachusetts,2021-05-30,711,32137,1.17
Massachusetts,2021-06-06,720,32678,1.77
Massachusetts,2021-06-13,727,33234,1.29
Massachusetts,2021-06-20,735,33644,1.88
Massachusetts,2021-06-27,741,33940,1.92
Massachusetts,2021-07-04,746,34382,1.04
Massachusetts,2021-07-11,751,34822,1.15
Massachusetts,2021-07-18,753,35081,0.98
Massachusetts,2021-07-25,757,35448,1.57
Massachusetts,2021-08-01,760,35898,0.85
Massachusetts,2021-08-08,764,36151,1.48
Massachusetts,2021-08-15,769,36556,1.79
Massachusetts,2021-08-22,774,36948,1.35
Massachusetts,2021-08-29,778,37246,1.62
Massachusetts,2021-09-05,783,37737,1.38
Massachusetts,2021-09-12,788,38226,1.01
Massachusetts,2021-09-19,793,38735,0.99
Massachusetts,2021-09-26,797,39247,0.89
Massachusetts,2021-10-03,806,39705,1.76
Massachusetts,2021-10-10,816,40438,1.4
Massachusetts,2021-10-17,822,41130,0.96
Massachusetts,2021-10-24,827,41778,0.91
Massachusetts,2021-10-31,839,42578,1.83
Massachusetts,2021-11-07,845,43096,1.12
Massachusetts,2021-11-14,852,43648,1.66
Massachusetts,2021-11-21,862,44433,1.23
Massachusetts,2021-11-28,870,45062,1.57
Massachusetts,2021-12-05,883,45921,1.85
Massachusetts,2021-12-12,895,46859,1.51
Massachusetts,2021-12-19,902,47598,0.99
Massachusetts,2021-12-26,910,48489,0.93
Michigan,2020-03-01,26,598,4.37
Michigan,2020-03-08,54,1427,3.57
Michigan,2020-03-15,86,2380,3.49
Michigan,2020-03-22,128,3273,4.19
Michigan,2020-03-29,156,4190,3.17
Michigan,2020-04-05,190,5240,2.98
Michigan,2020-04-12,216,6226,3.17
Michigan,2020-04-19,248,7017,4.4
Michigan,2020-04-26,269,7693,3.42
Michigan,2020-05-03,285,8211,3.15
Michigan,2020-05-10,303,8803,3.21
Michigan,2020-05-17,318,9345,3.25
Michigan,2020-05-24,326,9582,3.42
Michigan,2020-05-31,330,9711,3.92
Michigan,2020-06-07,337,9998,2.66
Michigan,2020-06-14,343,10311,1.81
Michigan,2020-06-21,348,10532,2.78
Michigan,2020-06-28,356,10902,2.03
Michigan,2020-07-05,362,11171,2.86
Michigan,2020-07-12,366,11415,2.24
Michigan,2020-07-19,374,11662,2.92
Michigan,2020-07-26,382,11941,2.88
Michigan,2020-08-02,389,12201,2.55
Michigan,2020-08-09,396,12592,1.9
Michigan,2020-08-16,398,12813,1.67
Michigan,2020-08-23,409,13205,2.7
Michigan,2020-08-30,414,13509,1.95
Michigan,2020-09-06,419,13772,2.06
Michigan,2020-09-13,423,14081,1.62
Michigan,2020-09-20,428,14311,2.12
Michigan,2020-09-27,436,14638,2.7
Michigan,2020-10-04,452,15523,1.66
Michigan,2020-10-11,473,16770,1.75
Michigan,2020-10-18,506,17925,2.44
Michigan,2020-10-25,530,19241,2.31
Michigan,2020-11-01,544,20228,1.78
Michigan,2020-11-08,579,21841,2.58
Michigan,2020-11-15,606,23596,1.73
Michigan,2020-11-22,629,24866,2.06
Michigan,2020-11-29,666,26366,2.11
Michigan,2020-12-06,681,27470,1.71
Michigan,2020-12-13,709,29063,1.58
Michigan,2020-12-20,742,30511,2.29
Michigan,2020-12-27,760,31616,1.8
Michigan,2021-01-03,772,32991,1.05
Michigan,2021-01-10,786,34549,0.83
Michigan,2021-01-17,798,35862,1.16
Michigan,2021-01-24,811,36665,1.64
Michigan,2021-01-31,833,37740,1.92
Michigan,2021-02-07,841,38393,1.09
Michigan,2021-02-14,846,38998,0.89
Michigan,2021-02-21,858,39614,1.9
Michigan,2021-02-28,865,40059,1.94
Michigan,2021-03-07,868,40422,1.28
Michigan,2021-03-14,871,40824,0.95
Michigan,2021-03-21,878,41190,1.73
Michigan,2021-03-28,881,41509,1.24
Michigan,2021-04-04,887,41827,1.76
Michigan,2021-04-11,890,42155,1.24
Michigan,2021-04-18,894,42589,0.95
Michigan,2021-04-25,900,43059,1.27
Michigan,2021-05-02,906,43561,1.46
Michigan,2021-05-09,913,43934,1.81
Michigan,2021-05-16,922,44373,1.84
Michigan,2021-05-23,926,44877,0.91
Michigan,2021-05-30,934,45338,1.71
Michigan,2021-06-06,944,45872,1.76
Michigan,2021-06-13,949,46344,1.36
Michigan,2021-06-20,953,46880,0.82
Michigan,2021-06-27,962,47461,1.54
Michigan,2021-07-04,967,48110,1.06
Michigan,2021-07-11,974,48741,0.99
Michigan,2021-07-18,984,49355,1.4
Michigan,2021-07-25,988,49737,1.16
Michigan,2021-08-01,995,50197,1.91
Michigan,2021-08-08,1003,50725,1.51
Michigan,2021-08-15,1009,51175,1.24
Michigan,2021-08-22,1017,51623,1.79
Michigan,2021-08-29,1026,52289,1.66
Michigan,2021-09-05,1037,52921,1.84
Michigan,2021-09-12,1046,53745,1.34
Michigan,2021-09-19,1057,54383,1.94
Michigan,2021-09-26,1072,55270,1.86
Michigan,2021-10-03,1080,55848,1.67
Michigan,2021-10-10,1092,56802,1.33
Michigan,2021-10-17,1104,57807,1.26
Michigan,2021-10-24,1114,58644,1.24
Michigan,2021-10-31,1127,59766,1.23
Michigan,2021-11-07,1138,60852,1.12
Michigan,2021-11-14,1160,62136,1.67
Michigan,2021-11-21,1169,63278,0.84
Michigan,2021-11-28,1183,64357,1.45
Michigan,2021-12-05,1192,65174,1.03
Michigan,2021-12-12,1203,66216,1.36
Michigan,2021-12-19,1216,67016,1.66
Michigan,2021-12-26,1229,68128,1.09
Minnesota,2020-03-01,6,228,2.88
Minnesota,2020-03-08,16,550,2.99
Minnesota,2020-03-15,35,1036,4.15
Minnesota,2020-03-22,48,1414,3.05
Minnesota,2020-03-29,66,1997,3.92
Minnesota,2020-04-05,81,2573,2.58
Minnesota,2020-04-12,112,3278,4.44
Minnesota,2020-04-19,136,3796,4.39
Minnesota,2020-04-26,146,4149,3.43
Minnesota,2020-05-03,160,4548,3.41
Minnesota,2020-05-10,168,4845,2.83
Minnesota,2020-05-17,178,5132,3.83
Minnesota,2020-05-24,185,5332,4.32
Minnesota,2020-05-31,187,5396,3.98
Minnesota,2020-06-07,193,5615,2.83
Minnesota,2020-06-14,195,5789,1.54
Minnesota,2020-06-21,199,5956,2.44
Minnesota,2020-06-28,202,6152,1.92
Minnesota,2020-07-05,204,6280,2.12
Minnesota,2020-07-12,209,6471,2.99
Minnesota,2020-07-19,212,6642,1.99
Minnesota,2020-07-26,218,6849,2.53
Minnesota,2020-08-02,221,6989,2.81
Minnesota,2020-08-09,224,7200,1.99
Minnesota,2020-08-16,228,7372,2.91
Minnesota,2020-08-23,232,7528,2.78
Minnesota,2020-08-30,234,7668,2.14
Minnesota,2020-09-06,239,7881,2.64
Minnesota,2020-09-13,242,8102,2.2
Minnesota,2020-09-20,244,8248,2.15
Minnesota,2020-09-27,249,8465,2.65
Minnesota,2020-10-04,266,9041,2.58
Minnesota,2020-10-11,284,9783,2.27
Minnesota,2020-10-18,297,10467,2.33
Minnesota,2020-10-25,308,11019,2.29
Minnesota,2020-11-01,319,11559,2.58
Minnesota,2020-11-08,342,12401,2.31
Minnesota,2020-11-15,355,13220,1.6
Minnesota,2020-11-22,384,14240,3.0
Minnesota,2020-11-29,403,15003,2.86
Minnesota,2020-12-06,418,15915,2.11
Minnesota,2020-12-13,433,16677,1.9
Minnesota,2020-12-20,455,17710,1.9
Minnesota,2020-12-27,465,18282,2.31
Minnesota,2021-01-03,481,19211,1.72
Minnesota,2021-01-10,496,20032,1.58
Minnesota,2021-01-17,509,20747,1.91
Minnesota,2021-01-24,514,21191,1.43
Minnesota,2021-01-31,521,21740,1.38
Minnesota,2021-02-07,524,22069,1.03
Minnesota,2021-02-14,530,22596,1.26
Minnesota,2021-02-21,535,23014,1.52
Minnesota,2021-02-28,538,23330,1.06
Minnesota,2021-03-07,539,23507,1.25
Minnesota,2021-03-14,541,23697,1.74
Minnesota,2021-03-21,542,23867,1.37
Minnesota,2021-03-28,545,24038,1.77
Minnesota,2021-04-04,550,24323,1.83
Minnesota,2021-04-11,553,24489,1.74
Minnesota,2021-04-18,556,24758,1.41
Minnesota,2021-04-25,561,25033,1.67
Minnesota,2021-05-02,562,25214,1.07
Minnesota,2021-05-09,564,25482,1.02
Minnesota,2021-05-16,566,25778,0.83
Minnesota,2021-05-23,569,25987,1.81
Minnesota,2021-05-30,573,26270,1.91
Minnesota,2021-06-06,576,26551,1.1
Minnesota,2021-06-13,582,26990,1.35
Minnesota,2021-06-20,587,27263,1.77
Minnesota,2021-06-27,590,27538,1.39
Minnesota,2021-07-04,593,27854,1.4
Minnesota,2021-07-11,596,28139,1.2
Minnesota,2021-07-18,598,28442,0.81
Minnesota,2021-07-25,601,28763,1.24
Minnesota,2021-08-01,606,29093,1.95
Minnesota,2021-08-08,608,29353,1.02
Minnesota,2021-08-15,611,29590,1.23
Minnesota,2021-08-22,614,29912,1.26
Minnesota,2021-08-29,616,30250,0.81
Minnesota,2021-09-05,620,30672,0.89
Minnesota,2021-09-12,624,31128,1.12
Minnesota,2021-09-19,632,31531,1.86
Minnesota,2021-09-26,636,32001,0.9
Minnesota,2021-10-03,640,32414,1.36
Minnesota,2021-10-10,646,32790,1.75
Minnesota,2021-10-17,652,33219,1.26
Minnesota,2021-10-24,657,33808,1.13
Minnesota,2021-10-31,665,34264,1.9
Minnesota,2021-11-07,673,34833,1.52
Minnesota,2021-11-14,681,35516,1.43
Minnesota,2021-11-21,688,35977,1.44
Minnesota,2021-11-28,698,36514,1.84
Minnesota,2021-12-05,701,37038,0.84
Minnesota,2021-12-12,708,37748,1.04
Minnesota,2021-12-19,716,38376,1.67
Minnesota,2021-12-26,724,38967,1.38
Mississippi,2020-03-01,5,176,2.84
Mississippi,2020-03-08,13,390,3.61
Mississippi,2020-03-15,19,609,2.78
Mississippi,2020-03-22,28,876,3.78
Mississippi,2020-03-29,38,1231,3.67
Mississippi,2020-04-05,50,1517,4.01
Mississippi,2020-04-12,61,1808,4.29
Mississippi,2020-04-19,73,2069,4.3
Mississippi,2020-04-26,82,2344,4.22
Mississippi,2020-05-03,89,2601,3.14
Mississippi,2020-05-10,93,2743,3.34
Mississippi,2020-05-17,95,2854,2.77
Mississippi,2020-05-24,97,2940,3.38
Mississippi,2020-05-31,99,2993,4.29
Mississippi,2020-06-07,100,3072,2.62
Mississippi,2020-06-14,101,3141,2.02
Mississippi,2020-06-21,102,3216,1.59
Mississippi,2020-06-28,104,3323,2.45
Mississippi,2020-07-05,106,3414,2.29
Mississippi,2020-07-12,107,3488,2.8
Mississippi,2020-07-19,108,3587,1.52
Mississippi,2020-07-26,109,3667,2.32
Mississippi,2020-08-02,111,3771,1.83
Mississippi,2020-08-09,113,3876,2.34
Mississippi,2020-08-16,115,3973,2.03
Mississippi,2020-08-23,116,4050,2.36
Mississippi,2020-08-30,117,4132,1.95
Mississippi,2020-09-06,120,4237,2.89
Mississippi,2020-09-13,122,4334,2.85
Mississippi,2020-09-20,124,4408,2.56
Mississippi,2020-09-27,125,4515,2.12
Mississippi,2020-10-04,129,4788,1.85
Mississippi,2020-10-11,135,5152,1.61
Mississippi,2020-10-18,141,5479,2.39
Mississippi,2020-10-25,147,5812,1.63
Mississippi,2020-11-01,156,6277,2.19
Mississippi,2020-11-08,165,6798,2.02
Mississippi,2020-11-15,175,7243,2.92
Mississippi,2020-11-22,184,7613,2.91
Mississippi,2020-11-29,193,7953,2.36
Mississippi,2020-12-06,206,8389,2.99
Mississippi,2020-12-13,215,8713,2.99
Mississippi,2020-12-20,222,9081,2.34
Mississippi,2020-12-27,226,9385,1.5
Mississippi,2021-01-03,234,9845,1.49
Mississippi,2021-01-10,237,10156,1.14
Mississippi,2021-01-17,240,10418,1.14
Mississippi,2021-01-24,246,10790,1.97
Mississippi,2021-01-31,249,11122,1.19
Mississippi,2021-02-07,252,11417,1.56
Mississippi,2021-02-14,254,11623,1.14
Mississippi,2021-02-21,257,11810,1.99
Mississippi,2021-02-28,259,11968,1.38
Mississippi,2021-03-07,261,12073,1.68
Mississippi,2021-03-14,264,12222,1.77
Mississippi,2021-03-21,266,12344,1.79
Mississippi,2021-03-28,267,12455,1.18
Mississippi,2021-04-04,268,12558,1.95
Mississippi,2021-04-11,269,12647,1.43
Mississippi,2021-04-18,269,12737,1.06
Mississippi,2021-04-25,271,12850,1.76
Mississippi,2021-05-02,272,12963,1.2
Mississippi,2021-05-09,272,13100,0.86
Mississippi,2021-05-16,273,13239,1.37
Mississippi,2021-05-23,275,13338,1.92
Mississippi,2021-05-30,276,13471,1.38
Mississippi,2021-06-06,280,13723,1.96
Mississippi,2021-06-13,282,13942,1.04
Mississippi,2021-06-20,284,14135,1.29
Mississippi,2021-06-27,286,14260,1.41
Mississippi,2021-07-04,287,14457,0.99
Mississippi,2021-07-11,288,14621,0.99
Mississippi,2021-07-18,289,14808,1.0
Mississippi,2021-07-25,290,14919,1.89
Mississippi,2021-08-01,291,15060,1.34
Mississippi,2021-08-08,292,15172,1.07
Mississippi,2021-08-15,294,15365,1.74
Mississippi,2021-08-22,296,15509,1.55
Mississippi,2021-08-29,298,15719,1.56
Mississippi,2021-09-05,301,15941,1.95
Mississippi,2021-09-12,303,16133,1.16
Mississippi,2021-09-19,305,16295,1.49
Mississippi,2021-09-26,307,16508,0.9
Mississippi,2021-10-03,310,16712,1.83
Mississippi,2021-10-10,312,16907,1.03
Mississippi,2021-10-17,315,17124,1.72
Mississippi,2021-10-24,318,17361,1.36
Mississippi,2021-10-31,321,17711,1.05
Mississippi,2021-11-07,324,17939,1.41
Mississippi,2021-11-14,330,18310,1.92
Mississippi,2021-11-21,336,18616,1.88
Mississippi,2021-11-28,338,18837,1.18
Mississippi,2021-12-05,340,19105,1.04
Mississippi,2021-12-12,343,19457,1.12
Mississippi,2021-12-19,348,19730,1.76
Mississippi,2021-12-26,352,20051,1.3
Missouri,2020-03-01,6,252,2.93
Missouri,2020-03-08,18,572,3.26
Missouri,2020-03-15,38,1086,3.32
Missouri,2020-03-22,49,1486,2.92
Missouri,2020-03-29,64,2121,2.58
Missouri,2020-04-05,91,2790,3.9
Missouri,2020-04-12,105,3332,2.69
Missouri,2020-04-19,124,3777,4.4
Missouri,2020-04-26,142,4236,4.03
Missouri,2020-05-03,160,4625,4.12
Missouri,2020-05-10,170,5012,2.59
Missouri,2020-05-17,177,5312,2.77
Missouri,2020-05-24,182,5522,2.54
Missouri,2020-05-31,184,5616,3.39
Missouri,2020-06-07,188,5836,2.04
Missouri,2020-06-14,194,6040,2.55
Missouri,2020-06-21,198,6228,2.1
Missouri,2020-06-28,201,6428,1.95
Missouri,2020-07-05,205,6650,2.04
Missouri,2020-07-12,208,6831,1.8
Missouri,2020-07-19,210,6966,2.12
Missouri,2020-07-26,215,7143,2.62
Missouri,2020-08-02,217,7357,1.56
Missouri,2020-08-09,223,7545,2.9
Missouri,2020-08-16,227,7767,1.95
Missouri,2020-08-23,229,7948,1.74
Missouri,2020-08-30,232,8182,1.86
Missouri,2020-09-06,236,8320,2.89
Missouri,2020-09-13,241,8523,2.87
Missouri,2020-09-20,243,8721,1.56
Missouri,2020-09-27,248,8942,2.65
Missouri,2020-10-04,258,9488,2.3
Missouri,2020-10-11,266,10038,1.81
Missouri,2020-10-18,280,10879,1.92
Missouri,2020-10-25,299,11648,2.8
Missouri,2020-11-01,312,12258,2.03
Missouri,2020-11-08,340,13143,2.73
Missouri,2020-11-15,365,14191,2.41
Missouri,2020-11-22,383,14852,2.98
Missouri,2020-11-29,399,15582,2.5
Missouri,2020-12-06,421,16549,2.38
Missouri,2020-12-13,441,17636,1.9
Missouri,2020-12-20,465,18534,2.5
Missouri,2020-12-27,481,19322,2.47
Missouri,2021-01-03,494,20323,1.26
Missouri,2021-01-10,499,20851,1.05
Missouri,2021-01-17,513,21690,1.43
Missouri,2021-01-24,520,22307,1.39
Missouri,2021-01-31,528,22970,1.1
Missouri,2021-02-07,540,23596,1.93
Missouri,2021-02-14,547,24091,1.73
Missouri,2021-02-21,550,24515,0.84
Missouri,2021-02-28,552,24801,1.02
Missouri,2021-03-07,555,25037,1.55
Missouri,2021-03-14,557,25283,1.02
Missouri,2021-03-21,561,25549,1.47
Missouri,2021-03-28,564,25770,1.72
Missouri,2021-04-04,567,26013,1.58
Missouri,2021-04-11,570,26281,1.54
Missouri,2021-04-18,571,26466,0.91
Missouri,2021-04-25,573,26740,0.95
Missouri,2021-05-02,576,26999,1.8
Missouri,2021-05-09,579,27206,1.87
Missouri,2021-05-16,583,27408,1.95
Missouri,2021-05-23,584,27618,0.88
Missouri,2021-05-30,587,27826,1.86
Missouri,2021-06-06,595,28287,1.9
Missouri,2021-06-13,600,28600,1.42
Missouri,2021-06-20,604,29029,0.88
Missouri,2021-06-27,609,29388,1.89
Missouri,2021-07-04,615,29724,1.86
Missouri,2021-07-11,617,30039,0.88
Missouri,2021-07-18,621,30317,1.93
Missouri,2021-07-25,625,30617,1.61
Missouri,2021-08-01,630,30923,1.69
Missouri,2021-08-08,634,31260,1.6
Missouri,2021-08-15,638,31668,0.96
Missouri,2021-08-22,644,31956,1.92
Missouri,2021-08-29,648,32361,1.06
Missouri,2021-09-05,653,32758,1.72
Missouri,2021-09-12,661,33260,1.87
Missouri,2021-09-19,667,33758,1.42
Missouri,2021-09-26,673,34152,1.5
Missouri,2021-10-03,680,34597,1.56
Missouri,2021-10-10,685,35158,0.86
Missouri,2021-10-17,690,35670,1.11
Missouri,2021-10-24,699,36217,1.86
Missouri,2021-10-31,705,36881,0.92
Missouri,2021-11-07,716,37660,1.72
Missouri,2021-11-14,722,38283,1.08
Missouri,2021-11-21,733,39031,1.73
Missouri,2021-11-28,744,39852,1.51
Missouri,2021-12-05,754,40519,1.53
Missouri,2021-12-12,762,41187,1.41
Missouri,2021-12-19,771,41990,1.45
Missouri,2021-12-26,788,42773,1.92
Montana,2020-03-01,1,49,2.77
Montana,2020-03-08,3,102,4.37
Montana,2020-03-15,5,174,3.31
Montana,2020-03-22,8,287,3.41
Montana,2020-03-29,10,377,3.52
Montana,2020-04-05,14,492,3.63
Montana,2020-04-12,20,627,4.32
Montana,2020-04-19,22,712,2.76
Montana,2020-04-26,27,824,4.44
Montana,2020-05-03,29,883,4.39
Montana,2020-05-10,30,926,3.38
Montana,2020-05-17,31,972,3.18
Montana,2020-05-24,32,1004,4.24
Montana,2020-05-31,32,1020,4.14
Montana,2020-06-07,32,1045,2.3
Montana,2020-06-14,32,1068,2.5
Montana,2020-06-21,32,1093,2.72
Montana,2020-06-28,32,1133,1.9
Montana,2020-07-05,32,1162,2.33
Montana,2020-07-12,32,1185,2.58
Montana,2020-07-19,32,1212,1.79
Montana,2020-07-26,32,1234,2.71
Montana,2020-08-02,32,1260,2.08
Montana,2020-08-09,32,1289,1.98
Montana,2020-08-16,32,1324,1.54
Montana,2020-08-23,32,1363,1.95
Montana,2020-08-30,32,1400,2.41
Montana,2020-09-06,32,1423,1.71
Montana,2020-09-13,32,1449,2.26
Montana,2020-09-20,32,1477,2.92
Montana,2020-09-27,32,1513,1.62
Montana,2020-10-04,34,1616,1.74
Montana,2020-10-11,35,1707,2.23
Montana,2020-10-18,37,1842,1.69
Montana,2020-10-25,39,1958,2.83
Montana,2020-11-01,43,2137,2.75
Montana,2020-11-08,46,2314,1.55
Montana,2020-11-15,48,2473,1.95
Montana,2020-11-22,50,2592,2.98
Montana,2020-11-29,54,2769,2.16
Montana,2020-12-06,57,2906,2.3
Montana,2020-12-13,59,3084,1.6
Montana,2020-12-20,61,3212,2.61
Montana,2020-12-27,64,3366,1.82
Montana,2021-01-03,66,3543,1.42
Montana,2021-01-10,66,3652,0.86
Montana,2021-01-17,68,3783,1.44
Montana,2021-01-24,69,3885,1.63
Montana,2021-01-31,70,3984,1.12
Montana,2021-02-07,71,4071,1.65
Montana,2021-02-14,71,4141,0.85
Montana,2021-02-21,71,4213,1.0
Montana,2021-02-28,72,4295,1.93
Montana,2021-03-07,72,4348,1.65
Montana,2021-03-14,72,4392,1.82
Montana,2021-03-21,72,4432,1.39
Montana,2021-03-28,72,4467,1.88
Montana,2021-04-04,72,4513,0.92
Montana,2021-04-11,72,4546,0.89
Montana,2021-04-18,72,4586,1.51
Montana,2021-04-25,72,4627,1.01
Montana,2021-05-02,72,4671,1.62
Montana,2021-05-09,72,4703,1.97
Montana,2021-05-16,72,4744,1.58
Montana,2021-05-23,72,4795,1.44
Montana,2021-05-30,72,4826,0.99
Montana,2021-06-06,72,4905,1.1
Montana,2021-06-13,73,4980,1.49
Montana,2021-06-20,73,5038,1.06
Montana,2021-06-27,73,5115,1.01
Montana,2021-07-04,73,5170,1.34
Montana,2021-07-11,73,5237,1.38
Montana,2021-07-18,73,5285,1.02
Montana,2021-07-25,73,5346,1.04
Montana,2021-08-01,73,5396,1.3
Montana,2021-08-08,73,5446,0.92
Montana,2021-08-15,73,5508,1.6
Montana,2021-08-22,73,5565,1.03
Montana,2021-08-29,73,5609,1.88
Montana,2021-09-05,73,5663,1.14
Montana,2021-09-12,73,5738,0.89
Montana,2021-09-19,74,5817,1.21
Montana,2021-09-26,74,5897,1.11
Montana,2021-10-03,74,5960,1.44
Montana,2021-10-10,75,6035,1.52
Montana,2021-10-17,76,6155,1.53
Montana,2021-10-24,76,6236,1.11
Montana,2021-10-31,77,6329,1.9
Montana,2021-11-07,78,6426,1.26
Montana,2021-11-14,79,6545,1.54
Montana,2021-11-21,80,6679,0.85
Montana,2021-11-28,81,6795,1.28
Montana,2021-12-05,82,6924,0.82
Montana,2021-12-12,83,7038,1.21
Montana,2021-12-19,84,7152,1.4
Montana,2021-12-26,86,7283,1.31
Nebraska,2020-03-01,3,103,4.11
Nebraska,2020-03-08,6,222,3.17
Nebraska,2020-03-15,10,408,2.66
Nebraska,2020-03-22,16,619,2.93
Nebraska,2020-03-29,22,813,4.17
Nebraska,2020-04-05,28,965,3.61
Nebraska,2020-04-12,34,1148,3.15
Nebraska,2020-04-19,45,1377,4.17
Nebraska,2020-04-26,48,1494,2.73
Nebraska,2020-05-03,52,1660,3.07
Nebraska,2020-05-10,55,1791,2.61
Nebraska,2020-05-17,58,1873,3.62
Nebraska,2020-05-24,59,1922,3.73
Nebraska,2020-05-31,60,1953,3.78
Nebraska,2020-06-07,60,1997,1.68
Nebraska,2020-06-14,61,2055,2.76
Nebraska,2020-06-21,62,2124,2.03
Nebraska,2020-06-28,62,2179,1.79
Nebraska,2020-07-05,63,2241,2.98
Nebraska,2020-07-12,64,2283,2.67
Nebraska,2020-07-19,66,2353,2.56
Nebraska,2020-07-26,67,2408,2.49
Nebraska,2020-08-02,68,2471,2.17
Nebraska,2020-08-09,69,2530,2.29
Nebraska,2020-08-16,70,2597,2.5
Nebraska,2020-08-23,71,2663,2.25
Nebraska,2020-08-30,72,2736,1.58
Nebraska,2020-09-06,72,2778,2.05
Nebraska,2020-09-13,72,2824,2.62
Nebraska,2020-09-20,73,2871,2.37
Nebraska,2020-09-27,74,2944,2.56
Nebraska,2020-10-04,76,3120,1.5
Nebraska,2020-10-11,81,3331,2.51
Nebraska,2020-10-18,85,3589,2.28
Nebraska,2020-10-25,90,3788,2.76
Nebraska,2020-11-01,96,4110,1.68
Nebraska,2020-11-08,100,4336,1.52
Nebraska,2020-11-15,105,4582,2.5
Nebraska,2020-11-22,113,4887,2.86
Nebraska,2020-11-29,119,5211,1.78
Nebraska,2020-12-06,123,5475,1.82
Nebraska,2020-12-13,129,5707,2.85
Nebraska,2020-12-20,133,5944,2.17
Nebraska,2020-12-27,141,6251,2.96
Nebraska,2021-01-03,144,6559,1.48
Nebraska,2021-01-10,147,6822,1.42
Nebraska,2021-01-17,151,7090,1.33
Nebraska,2021-01-24,154,7318,1.39
Nebraska,2021-01-31,157,7478,1.98
Nebraska,2021-02-07,158,7594,1.19
Nebraska,2021-02-14,158,7698,0.83
Nebraska,2021-02-21,159,7812,1.33
Nebraska,2021-02-28,160,7903,1.63
Nebraska,2021-03-07,160,7967,1.18
Nebraska,2021-03-14,160,8025,0.98
Nebraska,2021-03-21,161,8118,1.7
Nebraska,2021-03-28,162,8206,1.6
Nebraska,2021-04-04,162,8291,0.85
Nebraska,2021-04-11,163,8382,1.4
Nebraska,2021-04-18,164,8449,1.57
Nebraska,2021-04-25,165,8544,1.21
Nebraska,2021-05-02,166,8625,1.86
Nebraska,2021-05-09,167,8704,1.49
Nebraska,2021-05-16,167,8804,0.89
Nebraska,2021-05-23,168,8903,1.44
Nebraska,2021-05-30,168,8980,0.91
Nebraska,2021-06-06,169,9129,1.17
Nebraska,2021-06-13,170,9276,0.89
Nebraska,2021-06-20,171,9374,1.51
Nebraska,2021-06-27,172,9495,1.3
Nebraska,2021-07-04,173,9590,1.13
Nebraska,2021-07-11,174,9706,1.57
Nebraska,2021-07-18,174,9778,0.84
Nebraska,2021-07-25,175,9891,1.44
Nebraska,2021-08-01,175,9961,1.24
Nebraska,2021-08-08,176,10057,0.89
Nebraska,2021-08-15,177,10142,1.91
Nebraska,2021-08-22,179,10280,1.46
Nebraska,2021-08-29,180,10358,1.7
Nebraska,2021-09-05,180,10450,0.92
Nebraska,2021-09-12,182,10607,1.45
Nebraska,2021-09-19,182,10711,0.8
Nebraska,2021-09-26,183,10817,1.56
Nebraska,2021-10-03,184,10940,1.6
Nebraska,2021-10-10,185,11108,1.0
Nebraska,2021-10-17,187,11255,1.36
Nebraska,2021-10-24,189,11396,1.69
Nebraska,2021-10-31,191,11598,0.99
Nebraska,2021-11-07,192,11746,1.31
Nebraska,2021-11-14,194,11974,1.11
Nebraska,2021-11-21,196,12226,1.04
Nebraska,2021-11-28,198,12383,1.27
Nebraska,2021-12-05,201,12615,1.55
Nebraska,2021-12-12,202,12814,0.92
Nebraska,2021-12-19,205,13030,1.65
Nebraska,2021-12-26,206,13222,1.2
Nevada,2020-03-01,6,140,4.11
Nevada,2020-03-08,11,343,3.41
Nevada,2020-03-15,19,641,2.53
Nevada,2020-03-22,29,916,3.18
Nevada,2020-03-29,36,1130,3.66
Nevada,2020-04-05,45,1387,3.36
Nevada,2020-04-12,55,1735,2.5
Nevada,2020-04-19,61,1966,2.97
Nevada,2020-04-26,67,2153,2.75
Nevada,2020-05-03,71,2350,2.73
Nevada,2020-05-10,78,2550,4.21
Nevada,2020-05-17,80,2643,2.95
Nevada,2020-05-24,81,2708,3.36
Nevada,2020-05-31,82,2756,3.01
Nevada,2020-06-07,84,2871,2.35
Nevada,2020-06-14,85,2957,2.12
Nevada,2020-06-21,87,3047,2.79
Nevada,2020-06-28,88,3130,2.34
Nevada,2020-07-05,89,3206,2.12
Nevada,2020-07-12,90,3320,1.74
Nevada,2020-07-19,92,3419,2.54
Nevada,2020-07-26,94,3532,2.35
Nevada,2020-08-02,95,3600,2.2
Nevada,2020-08-09,97,3699,2.75
Nevada,2020-08-16,97,3770,1.52
Nevada,2020-08-23,99,3874,2.69
Nevada,2020-08-30,100,3966,2.13
Nevada,2020-09-06,101,4044,1.7
Nevada,2020-09-13,101,4112,1.8
Nevada,2020-09-20,103,4212,1.97
Nevada,2020-09-27,104,4288,2.02
Nevada,2020-10-04,108,4497,2.76
Nevada,2020-10-11,119,4912,2.84
Nevada,2020-10-18,127,5280,2.48
Nevada,2020-10-25,132,5701,1.57
Nevada,2020-11-01,142,6102,2.32
Nevada,2020-11-08,149,6432,2.73
Nevada,2020-11-15,156,6853,1.97
Nevada,2020-11-22,165,7217,2.26
Nevada,2020-11-29,176,7666,2.24
Nevada,2020-12-06,186,8187,2.24
Nevada,2020-12-13,197,8748,2.37
Nevada,2020-12-20,205,9129,2.7
Nevada,2020-12-27,215,9678,1.7
Nevada,2021-01-03,221,10053,1.39
Nevada,2021-01-10,225,10407,1.44
Nevada,2021-01-17,227,10649,1.09
Nevada,2021-01-24,229,10891,0.94
Nevada,2021-01-31,233,11199,1.65
Nevada,2021-02-07,236,11388,1.93
Nevada,2021-02-14,241,11661,1.84
Nevada,2021-02-21,244,11822,1.79
Nevada,2021-02-28,246,12014,1.2
Nevada,2021-03-07,247,12110,1.41
Nevada,2021-03-14,248,12223,1.37
Nevada,2021-03-21,250,12357,1.88
Nevada,2021-03-28,251,12472,0.97
Nevada,2021-04-04,253,12613,1.92
Nevada,2021-04-11,254,12770,0.88
Nevada,2021-04-18,255,12861,1.87
Nevada,2021-04-25,257,12997,1.8
Nevada,2021-05-02,258,13086,1.85
Nevada,2021-05-09,259,13182,1.36
Nevada,2021-05-16,259,13271,1.13
Nevada,2021-05-23,261,13389,1.87
Nevada,2021-05-30,262,13523,0.99
Nevada,2021-06-06,264,13730,0.98
Nevada,2021-06-13,268,13953,1.68
Nevada,2021-06-20,269,14103,1.05
Nevada,2021-06-27,271,14247,1.33
Nevada,2021-07-04,273,14441,1.34
Nevada,2021-07-11,275,14634,1.59
Nevada,2021-07-18,276,14769,1.18
Nevada,2021-07-25,277,14903,1.05
Nevada,2021-08-01,278,15096,0.93
Nevada,2021-08-08,279,15272,0.91
Nevada,2021-08-15,281,15441,1.24
Nevada,2021-08-22,282,15585,1.63
Nevada,2021-08-29,285,15798,1.34
Nevada,2021-09-05,287,15953,1.61
Nevada,2021-09-12,289,16148,1.54
Nevada,2021-09-19,293,16408,1.4
Nevada,2021-09-26,296,16672,1.29
Nevada,2021-10-03,299,16896,1.79
Nevada,2021-10-10,303,17151,1.77
Nevada,2021-10-17,305,17439,1.09
Nevada,2021-10-24,307,17767,0.92
Nevada,2021-10-31,312,18120,1.22
Nevada,2021-11-07,315,18510,1.12
Nevada,2021-11-14,318,18862,1.34
Nevada,2021-11-21,321,19225,0.84
Nevada,2021-11-28,323,19483,0.95
Nevada,2021-12-05,330,19912,1.63
Nevada,2021-12-12,333,20231,1.2
Nevada,2021-12-19,338,20568,1.46
Nevada,2021-12-26,342,20859,1.94
New Hampshire,2020-03-01,2,88,2.53
New Hampshire,2020-03-08,4,168,3.4
New Hampshire,2020-03-15,7,271,3.33
New Hampshire,2020-03-22,12,407,4.17
New Hampshire,2020-03-29,16,548,3.67
New Hampshire,2020-04-05,19,684,3.13
New Hampshire,2020-04-12,22,796,2.71
New Hampshire,2020-04-19,28,936,4.4
New Hampshire,2020-04-26,32,1020,4.27
New Hampshire,2020-05-03,36,1114,3.67
New Hampshire,2020-05-10,38,1194,4.31
New Hampshire,2020-05-17,39,1241,3.38
New Hampshire,2020-05-24,40,1286,4.48
New Hampshire,2020-05-31,40,1301,4.1
New Hampshire,2020-06-07,40,1334,2.24
New Hampshire,2020-06-14,40,1382,2.25
New Hampshire,2020-06-21,41,1435,2.5
New Hampshire,2020-06-28,41,1470,2.6
New Hampshire,2020-07-05,41,1503,2.29
New Hampshire,2020-07-12,41,1547,1.68
New Hampshire,2020-07-19,41,1582,1.5
New Hampshire,2020-07-26,42,1634,2.8
New Hampshire,2020-08-02,43,1682,2.41
New Hampshire,2020-08-09,43,1720,2.52
New Hampshire,2020-08-16,44,1758,2.95
New Hampshire,2020-08-23,44,1794,1.68
New Hampshire,2020-08-30,45,1838,2.06
New Hampshire,2020-09-06,45,1867,1.96
New Hampshire,2020-09-13,45,1903,1.88
New Hampshire,2020-09-20,45,1952,1.65
New Hampshire,2020-09-27,45,2000,1.77
New Hampshire,2020-10-04,47,2122,2.1
New Hampshire,2020-10-11,50,2308,1.69
New Hampshire,2020-10-18,53,2465,2.06
New Hampshire,2020-10-25,56,2590,2.53
New Hampshire,2020-11-01,60,2739,2.72
New Hampshire,2020-11-08,63,2929,1.95
New Hampshire,2020-11-15,66,3103,1.85
New Hampshire,2020-11-22,67,3251,1.64
New Hampshire,2020-11-29,70,3414,1.6
New Hampshire,2020-12-06,72,3593,1.72
New Hampshire,2020-12-13,77,3848,2.28
New Hampshire,2020-12-20,81,4088,2.09
New Hampshire,2020-12-27,83,4243,2.07
New Hampshire,2021-01-03,85,4439,1.15
New Hampshire,2021-01-10,86,4561,1.03
New Hampshire,2021-01-17,88,4754,1.25
New Hampshire,2021-01-24,88,4872,0.95
New Hampshire,2021-01-31,88,4983,0.99
New Hampshire,2021-02-07,89,5113,0.82
New Hampshire,2021-02-14,90,5206,1.41
New Hampshire,2021-02-21,90,5285,1.15
New Hampshire,2021-02-28,90,5383,1.03
New Hampshire,2021-03-07,90,5451,1.22
New Hampshire,2021-03-14,90,5501,0.95
New Hampshire,2021-03-21,90,5556,1.04
New Hampshire,2021-03-28,90,5620,1.51
New Hampshire,2021-04-04,91,5676,1.64
New Hampshire,2021-04-11,91,5735,0.98
New Hampshire,2021-04-18,91,5795,0.83
New Hampshire,2021-04-25,91,5844,1.6
New Hampshire,2021-05-02,92,5902,1.9
New Hampshire,2021-05-09,93,5971,1.97
New Hampshire,2021-05-16,93,6030,1.3
New Hampshire,2021-05-23,93,6076,1.98
New Hampshire,2021-05-30,93,6140,0.9
New Hampshire,2021-06-06,93,6245,0.83
New Hampshire,2021-06-13,93,6305,1.59
New Hampshire,2021-06-20,94,6391,1.64
New Hampshire,2021-06-27,94,6450,0.88
New Hampshire,2021-07-04,95,6524,1.69
New Hampshire,2021-07-11,95,6592,1.28
New Hampshire,2021-07-18,96,6654,1.97
New Hampshire,2021-07-25,97,6715,1.51
New Hampshire,2021-08-01,97,6781,0.82
New Hampshire,2021-08-08,98,6851,1.96
New Hampshire,2021-08-15,98,6904,1.03
New Hampshire,2021-08-22,99,6994,1.54
New Hampshire,2021-08-29,100,7050,1.79
New Hampshire,2021-09-05,101,7121,1.65
New Hampshire,2021-09-12,101,7184,1.04
New Hampshire,2021-09-19,102,7268,1.3
New Hampshire,2021-09-26,102,7365,1.12
New Hampshire,2021-10-03,103,7477,1.27
New Hampshire,2021-10-10,105,7613,1.7
New Hampshire,2021-10-17,106,7730,0.96
New Hampshire,2021-10-24,107,7831,1.33
New Hampshire,2021-10-31,108,7985,0.95
New Hampshire,2021-11-07,110,8149,1.36
New Hampshire,2021-11-14,112,8298,1.76
New Hampshire,2021-11-21,114,8466,1.35
New Hampshire,2021-11-28,116,8611,1.36
New Hampshire,2021-12-05,118,8788,1.47
New Hampshire,2021-12-12,121,8935,1.96
New Hampshire,2021-12-19,122,9114,0.84
New Hampshire,2021-12-26,124,9278,1.8
New Jersey,2020-03-01,17,562,3.6
New Jersey,2020-03-08,33,1097,3.06
New Jersey,2020-03-15,49,1628,2.82
New Jersey,2020-03-22,67,2273,2.97
New Jersey,2020-03-29,102,3179,4.03
New Jersey,2020-04-05,136,4268,3.74
New Jersey,2020-04-12,159,4995,3.37
New Jersey,2020-04-19,193,5986,3.66
New Jersey,2020-04-26,211,6610,2.95
New Jersey,2020-05-03,230,7242,3.53
New Jersey,2020-05-10,252,7823,4.21
New Jersey,2020-05-17,268,8212,4.45
New Jersey,2020-05-24,275,8485,2.68
New Jersey,2020-05-31,280,8594,4.42
New Jersey,2020-06-07,288,8920,2.56
New Jersey,2020-06-14,296,9190,2.79
New Jersey,2020-06-21,304,9468,2.9
New Jersey,2020-06-28,309,9753,2.18
New Jersey,2020-07-05,312,9948,1.86
New Jersey,2020-07-12,318,10206,2.17
New Jersey,2020-07-19,322,10459,2.18
New Jersey,2020-07-26,327,10662,2.66
New Jersey,2020-08-02,332,10984,1.72
New Jersey,2020-08-09,335,11221,1.84
New Jersey,2020-08-16,338,11437,1.96
New Jersey,2020-08-23,344,11796,1.96
New Jersey,2020-08-30,348,12024,2.38
New Jersey,2020-09-06,356,12363,2.94
New Jersey,2020-09-13,360,12633,1.53
New Jersey,2020-09-20,364,12897,1.91
New Jersey,2020-09-27,369,13201,2.12
New Jersey,2020-10-04,395,14192,2.35
New Jersey,2020-10-11,416,14949,2.68
New Jersey,2020-10-18,436,15774,2.54
New Jersey,2020-10-25,462,17241,1.71
New Jersey,2020-11-01,493,18387,2.94
New Jersey,2020-11-08,535,20044,2.85
New Jersey,2020-11-15,577,21635,2.99
New Jersey,2020-11-22,604,22961,2.28
New Jersey,2020-11-29,620,23948,1.83
New Jersey,2020-12-06,647,25289,1.76
New Jersey,2020-12-13,673,26822,1.63
New Jersey,2020-12-20,707,28270,2.93
New Jersey,2020-12-27,743,29347,2.89
New Jersey,2021-01-03,762,30706,1.72
New Jersey,2021-01-10,772,31835,1.08
New Jersey,2021-01-17,783,33059,0.96
New Jersey,2021-01-24,797,34246,1.02
New Jersey,2021-01-31,810,35345,1.47
New Jersey,2021-02-07,818,36019,1.31
New Jersey,2021-02-14,827,36606,1.97
New Jersey,2021-02-21,832,37294,0.8
New Jersey,2021-02-28,838,37974,1.15
New Jersey,2021-03-07,845,38379,1.66
New Jersey,2021-03-14,849,38710,1.1
New Jersey,2021-03-21,856,39175,1.35
New Jersey,2021-03-28,860,39535,1.31
New Jersey,2021-04-04,864,39890,1.44
New Jersey,2021-04-11,870,40249,1.74
New Jersey,2021-04-18,876,40650,1.89
New Jersey,2021-04-25,882,41034,1.74
New Jersey,2021-05-02,885,41366,0.96
New Jersey,2021-05-09,891,41731,1.85
New Jersey,2021-05-16,898,42141,1.77
New Jersey,2021-05-23,903,42489,1.42
New Jersey,2021-05-30,906,42832,1.27
New Jersey,2021-06-06,913,43600,0.91
New Jersey,2021-06-13,920,44149,1.29
New Jersey,2021-06-20,926,44554,1.51
New Jersey,2021-06-27,933,45177,1.0
New Jersey,2021-07-04,943,45721,1.86
New Jersey,2021-07-11,953,46214,1.9
New Jersey,2021-07-18,957,46669,1.13
New Jersey,2021-07-25,961,47102,1.14
New Jersey,2021-08-01,966,47668,0.88
New Jersey,2021-08-08,969,48048,1.21
New Jersey,2021-08-15,977,48467,1.72
New Jersey,2021-08-22,982,48888,1.36
New Jersey,2021-08-29,993,49537,1.72
New Jersey,2021-09-05,1002,50154,1.82
New Jersey,2021-09-12,1013,50713,1.89
New Jersey,2021-09-19,1021,51359,1.44
New Jersey,2021-09-26,1031,52037,1.59
New Jersey,2021-10-03,1043,52839,1.83
New Jersey,2021-10-10,1053,53569,1.29
New Jersey,2021-10-17,1065,54243,1.57
New Jersey,2021-10-24,1082,55036,1.89
New Jersey,2021-10-31,1090,55702,1.08
New Jersey,2021-11-07,1098,56859,0.92
New Jersey,2021-11-14,1111,57607,2.0
New Jersey,2021-11-21,1125,58575,1.82
New Jersey,2021-11-28,1138,59626,1.13
New Jersey,2021-12-05,1153,60501,1.62
New Jersey,2021-12-12,1159,61347,0.84
New Jersey,2021-12-19,1176,62239,1.77
New Jersey,2021-12-26,1191,63232,1.53
New Mexico,2020-03-01,3,126,3.35
New Mexico,2020-03-08,7,243,3.57
New Mexico,2020-03-15,11,402,2.68
New Mexico,2020-03-22,15,558,2.89
New Mexico,2020-03-29,20,729,3.67
New Mexico,2020-04-05,26,934,3.57
New Mexico,2020-04-12,32,1099,4.26
New Mexico,2020-04-19,36,1285,2.57
New Mexico,2020-04-26,43,1468,3.62
New Mexico,2020-05-03,47,1589,3.0
New Mexico,2020-05-10,51,1742,2.77
New Mexico,2020-05-17,52,1815,2.62
New Mexico,2020-05-24,53,1861,3.92
New Mexico,2020-05-31,53,1886,2.52
New Mexico,2020-06-07,54,1937,2.41
New Mexico,2020-06-14,55,2003,1.97
New Mexico,2020-06-21,55,2055,1.78
New Mexico,2020-06-28,56,2124,1.9
New Mexico,2020-07-05,57,2188,2.41
New Mexico,2020-07-12,58,2254,2.21
New Mexico,2020-07-19,60,2333,2.74
New Mexico,2020-07-26,61,2386,1.89
New Mexico,2020-08-02,62,2458,2.25
New Mexico,2020-08-09,63,2530,2.71
New Mexico,2020-08-16,64,2599,2.14
New Mexico,2020-08-23,65,2675,2.29
New Mexico,2020-08-30,66,2753,2.24
New Mexico,2020-09-06,67,2826,1.83
New Mexico,2020-09-13,68,2903,2.59
New Mexico,2020-09-20,68,2955,2.03
New Mexico,2020-09-27,69,3006,2.61
New Mexico,2020-10-04,73,3203,2.08
New Mexico,2020-10-11,75,3412,1.62
New Mexico,2020-10-18,80,3670,2.4
New Mexico,2020-10-25,84,3923,1.58
New Mexico,2020-11-01,88,4205,1.72
New Mexico,2020-11-08,91,4433,1.65
New Mexico,2020-11-15,95,4684,1.88
New Mexico,2020-11-22,104,5084,2.78
New Mexico,2020-11-29,109,5368,1.81
New Mexico,2020-12-06,114,5593,2.51
New Mexico,2020-12-13,121,5978,1.75
New Mexico,2020-12-20,126,6333,1.69
New Mexico,2020-12-27,129,6565,1.88
New Mexico,2021-01-03,133,6847,1.29
New Mexico,2021-01-10,136,7045,1.97
New Mexico,2021-01-17,138,7318,1.21
New Mexico,2021-01-24,141,7578,1.17
New Mexico,2021-01-31,143,7779,1.37
New Mexico,2021-02-07,144,7976,0.91
New Mexico,2021-02-14,145,8166,0.87
New Mexico,2021-02-21,146,8321,1.32
New Mexico,2021-02-28,147,8418,1.41
New Mexico,2021-03-07,148,8501,1.72
New Mexico,2021-03-14,149,8584,1.99
New Mexico,2021-03-21,150,8686,1.3
New Mexico,2021-03-28,150,8747,0.95
New Mexico,2021-04-04,151,8826,1.81
New Mexico,2021-04-11,152,8918,1.65
New Mexico,2021-04-18,153,8995,1.49
New Mexico,2021-04-25,154,9058,1.99
New Mexico,2021-05-02,155,9120,1.85
New Mexico,2021-05-09,156,9212,1.19
New Mexico,2021-05-16,156,9284,1.21
New Mexico,2021-05-23,157,9379,1.41
New Mexico,2021-05-30,157,9440,1.4
New Mexico,2021-06-06,158,9615,0.86
New Mexico,2021-06-13,160,9775,1.09
New Mexico,2021-06-20,161,9863,1.68
New Mexico,2021-06-27,162,9992,1.33
New Mexico,2021-07-04,163,10134,1.36
New Mexico,2021-07-11,164,10256,1.38
New Mexico,2021-07-18,164,10344,0.88
New Mexico,2021-07-25,165,10457,1.41
New Mexico,2021-08-01,166,10586,1.54
New Mexico,2021-08-08,167,10706,1.3
New Mexico,2021-08-15,168,10826,1.22
New Mexico,2021-08-22,169,10916,1.61
New Mexico,2021-08-29,170,11067,0.94
New Mexico,2021-09-05,171,11181,1.25
New Mexico,2021-09-12,172,11323,1.33
New Mexico,2021-09-19,174,11451,1.77
New Mexico,2021-09-26,176,11624,1.64
New Mexico,2021-10-03,177,11747,1.13
New Mexico,2021-10-10,179,11967,1.39
New Mexico,2021-10-17,180,12108,1.19
New Mexico,2021-10-24,182,12249,1.93
New Mexico,2021-10-31,186,12497,1.74
New Mexico,2021-11-07,189,12717,1.55
New Mexico,2021-11-14,193,12947,1.46
New Mexico,2021-11-21,197,13198,1.73
New Mexico,2021-11-28,198,13385,0.9
New Mexico,2021-12-05,202,13616,1.8
New Mexico,2021-12-12,204,13857,1.43
New Mexico,2021-12-19,207,14105,1.79
New Mexico,2021-12-26,210,14350,1.51
New York,2020-03-01,33,781,4.46
New York,2020-03-08,66,1875,2.84
New York,2020-03-15,119,3559,3.79
New York,2020-03-22,186,5785,3.28
New York,2020-03-29,257,7692,3.28
New York,2020-04-05,347,10229,3.11
New York,2020-04-12,438,12559,4.36
New York,2020-04-19,505,14527,3.05
New York,2020-04-26,545,15717,3.63
New York,2020-05-03,600,17005,3.79
New York,2020-05-10,646,18233,4.21
New York,2020-05-17,669,19093,3.4
New York,2020-05-24,692,19675,3.82
New York,2020-05-31,702,20035,3.64
New York,2020-06-07,712,20501,2.39
New York,2020-06-14,721,20954,2.14
New York,2020-06-21,735,21497,2.58
New York,2020-06-28,750,22042,2.63
New York,2020-07-05,762,22698,2.33
New York,2020-07-12,778,23375,2.06
New York,2020-07-19,793,24096,2.38
New York,2020-07-26,802,24594,2.01
New York,2020-08-02,812,25125,2.27
New York,2020-08-09,827,25904,1.66
New York,2020-08-16,845,26660,2.29
New York,2020-08-23,858,27242,2.45
New York,2020-08-30,870,27775,2.37
New York,2020-09-06,881,28409,1.93
New York,2020-09-13,887,28863,1.58
New York,2020-09-20,895,29314,1.66
New York,2020-09-27,904,29752,2.49
New York,2020-10-04,952,32119,2.23
New York,2020-10-11,997,34279,2.07
New York,2020-10-18,1049,36073,3.0
New York,2020-10-25,1104,38362,2.57
New York,2020-11-01,1180,41582,2.18
New York,2020-11-08,1245,43739,2.77
New York,2020-11-15,1283,46160,1.72
New York,2020-11-22,1354,50014,1.89
New York,2020-11-29,1400,52188,2.1
New York,2020-12-06,1498,56028,2.28
New York,2020-12-13,1542,59082,1.56
New York,2020-12-20,1642,62096,2.93
New York,2020-12-27,1679,64407,1.83
New York,2021-01-03,1745,67679,1.82
New York,2021-01-10,1776,69958,1.41
New York,2021-01-17,1797,71871,1.41
New York,2021-01-24,1829,73464,1.86
New York,2021-01-31,1852,75222,1.42
New York,2021-02-07,1888,77110,1.74
New York,2021-02-14,1904,78777,1.05
New York,2021-02-21,1921,80066,1.2
New York,2021-02-28,1930,81128,0.97
New York,2021-03-07,1941,82168,1.07
New York,2021-03-14,1947,82943,0.89
New York,2021-03-21,1961,83849,1.42
New York,2021-03-28,1968,84554,0.9
New York,2021-04-04,1980,85302,1.49
New York,2021-04-11,1990,86024,1.66
New York,2021-04-18,1997,86730,0.97
New York,2021-04-25,2010,87403,1.66
New York,2021-05-02,2021,88224,1.45
New York,2021-05-09,2031,88947,1.37
New York,2021-05-16,2053,89990,1.93
New York,2021-05-23,2067,90986,1.36
New York,2021-05-30,2082,91985,1.27
New York,2021-06-06,2102,93256,1.52
New York,2021-06-13,2121,94858,1.09
New York,2021-06-20,2136,96064,1.12
New York,2021-06-27,2153,97231,1.59
New York,2021-07-04,2168,98301,1.54
New York,2021-07-11,2184,99157,1.95
New York,2021-07-18,2198,100322,1.29
New York,2021-07-25,2210,101276,1.29
New York,2021-08-01,2222,102315,1.4
New York,2021-08-08,2230,103342,1.0
New York,2021-08-15,2251,104675,1.53
New York,2021-08-22,2271,105710,1.89
New York,2021-08-29,2290,107050,1.24
New York,2021-09-05,2313,108502,1.82
New York,2021-09-12,2324,109615,1.14
New York,2021-09-19,2335,111278,0.84
New York,2021-09-26,2346,112536,1.04
New York,2021-10-03,2367,114358,1.48
New York,2021-10-10,2384,115925,1.29
New York,2021-10-17,2418,117834,1.64
New York,2021-10-24,2437,119897,0.8
New York,2021-10-31,2471,122152,1.88
New York,2021-11-07,2521,124641,1.77
New York,2021-11-14,2551,126186,1.69
New York,2021-11-21,2591,128514,1.48
New York,2021-11-28,2622,130591,1.52
New York,2021-12-05,2646,133347,0.89
New York,2021-12-12,2690,135806,1.75
New York,2021-12-19,2734,138572,1.93
New York,2021-12-26,2750,140660,0.83
North Carolina,2020-03-01,26,533,4.32
North Carolina,2020-03-08,40,1058,2.69
North Carolina,2020-03-15,69,1890,3.03
North Carolina,2020-03-22,113,3059,3.31
North Carolina,2020-03-29,149,3997,3.97
North Carolina,2020-04-05,183,4803,4.36
North Carolina,2020-04-12,213,5978,3.23
North Carolina,2020-04-19,240,6717,3.49
North Carolina,2020-04-26,273,7504,3.89
North Carolina,2020-05-03,306,8340,3.49
North Carolina,2020-05-10,323,8931,3.4
North Carolina,2020-05-17,333,9319,2.58
North Carolina,2020-05-24,341,9566,3.11
North Carolina,2020-05-31,344,9712,2.98
North Carolina,2020-06-07,350,10076,1.69
North Carolina,2020-06-14,358,10390,2.53
North Carolina,2020-06-21,363,10761,1.57
North Carolina,2020-06-28,367,11032,1.72
North Carolina,2020-07-05,373,11309,2.28
North Carolina,2020-07-12,379,11599,2.58
North Carolina,2020-07-19,384,11872,2.31
North Carolina,2020-07-26,389,12106,2.13
North Carolina,2020-08-02,395,12460,1.63
North Carolina,2020-08-09,404,12816,2.42
North Carolina,2020-08-16,409,13111,1.83
North Carolina,2020-08-23,416,13433,2.31
North Carolina,2020-08-30,429,13830,2.85
North Carolina,2020-09-06,438,14199,2.92
North Carolina,2020-09-13,444,14468,2.24
North Carolina,2020-09-20,451,14782,2.62
North Carolina,2020-09-27,456,15048,2.6
North Carolina,2020-10-04,472,15959,1.9
North Carolina,2020-10-11,498,17201,2.05
North Carolina,2020-10-18,521,18117,2.71
North Carolina,2020-10-25,553,19534,2.59
North Carolina,2020-11-01,593,21240,2.42
North Carolina,2020-11-08,630,22420,2.91
North Carolina,2020-11-15,658,23667,2.01
North Carolina,2020-11-22,702,25398,2.65
North Carolina,2020-11-29,734,27166,2.08
North Carolina,2020-12-06,780,28850,2.96
North Carolina,2020-12-13,818,30349,2.51
North Carolina,2020-12-20,857,32146,2.64
North Carolina,2020-12-27,912,34000,2.63
North Carolina,2021-01-03,934,35471,1.83
North Carolina,2021-01-10,952,36615,1.85
North Carolina,2021-01-17,969,37481,1.75
North Carolina,2021-01-24,985,38323,1.83
North Carolina,2021-01-31,1001,39287,1.8
North Carolina,2021-02-07,1008,39983,1.14
North Carolina,2021-02-14,1023,40757,1.77
North Carolina,2021-02-21,1033,41468,1.74
North Carolina,2021-02-28,1039,41914,1.85
North Carolina,2021-03-07,1044,42268,1.63
North Carolina,2021-03-14,1048,42779,1.16
North Carolina,2021-03-21,1053,43146,1.49
North Carolina,2021-03-28,1062,43572,1.85
North Carolina,2021-04-04,1066,43930,1.35
North Carolina,2021-04-11,1075,44460,2.0
North Carolina,2021-04-18,1079,44934,1.25
North Carolina,2021-04-25,1082,45228,1.35
North Carolina,2021-05-02,1086,45525,1.62
North Carolina,2021-05-09,1090,45957,1.16
North Carolina,2021-05-16,1094,46351,1.08
North Carolina,2021-05-23,1098,46693,1.41
North Carolina,2021-05-30,1104,47153,1.7
North Carolina,2021-06-06,1110,47831,0.89
North Carolina,2021-06-13,1118,48390,1.43
North Carolina,2021-06-20,1129,49162,1.46
North Carolina,2021-06-27,1140,49712,1.94
North Carolina,2021-07-04,1148,50199,1.81
North Carolina,2021-07-11,1158,50846,1.79
North Carolina,2021-07-18,1164,51437,1.15
North Carolina,2021-07-25,1170,51895,1.67
North Carolina,2021-08-01,1175,52261,1.66
North Carolina,2021-08-08,1179,52666,1.09
North Carolina,2021-08-15,1184,53205,0.85
North Carolina,2021-08-22,1191,53847,1.19
North Carolina,2021-08-29,1198,54425,1.55
North Carolina,2021-09-05,1206,54937,1.83
North Carolina,2021-09-12,1218,55556,1.85
North Carolina,2021-09-19,1226,56197,1.62
North Carolina,2021-09-26,1239,57056,1.38
North Carolina,2021-10-03,1261,58072,1.91
North Carolina,2021-10-10,1271,58923,1.23
North Carolina,2021-10-17,1287,59917,1.86
North Carolina,2021-10-24,1311,61089,1.78
North Carolina,2021-10-31,1322,62293,1.14
North Carolina,2021-11-07,1331,63076,1.15
North Carolina,2021-11-14,1355,64325,1.88
North Carolina,2021-11-21,1361,65089,1.02
North Carolina,2021-11-28,1372,66109,1.4
North Carolina,2021-12-05,1383,67136,1.02
North Carolina,2021-12-12,1398,68254,1.39
North Carolina,2021-12-19,1413,69716,1.06
North Carolina,2021-12-26,1435,71024,1.47
North Dakota,2020-03-01,1,36,3.43
North Dakota,2020-03-08,2,89,3.08
North Dakota,2020-03-15,3,151,3.56
North Dakota,2020-03-22,5,228,3.75
North Dakota,2020-03-29,7,301,3.94
North Dakota,2020-04-05,9,373,3.14
North Dakota,2020-04-12,12,470,3.84
North Dakota,2020-04-19,14,540,4.28
North Dakota,2020-04-26,17,624,4.4
North Dakota,2020-05-03,19,694,3.23
North Dakota,2020-05-10,20,736,3.38
North Dakota,2020-05-17,21,774,2.57
North Dakota,2020-05-24,21,791,3.19
North Dakota,2020-05-31,21,802,3.17
North Dakota,2020-06-07,21,820,1.55
North Dakota,2020-06-14,21,849,1.67
North Dakota,2020-06-21,21,875,2.46
North Dakota,2020-06-28,21,902,1.66
North Dakota,2020-07-05,21,928,2.38
North Dakota,2020-07-12,21,945,2.54
North Dakota,2020-07-19,21,966,2.01
North Dakota,2020-07-26,21,994,2.24
North Dakota,2020-08-02,21,1016,1.65
North Dakota,2020-08-09,21,1033,2.07
North Dakota,2020-08-16,21,1059,2.61
North Dakota,2020-08-23,21,1078,1.91
North Dakota,2020-08-30,21,1096,1.7
North Dakota,2020-09-06,21,1123,1.77
North Dakota,2020-09-13,21,1144,2.69
North Dakota,2020-09-20,21,1162,2.61
North Dakota,2020-09-27,21,1182,2.06
North Dakota,2020-10-04,22,1249,1.86
North Dakota,2020-10-11,23,1307,2.66
North Dakota,2020-10-18,24,1372,2.48
North Dakota,2020-10-25,26,1487,2.24
North Dakota,2020-11-01,28,1605,2.55
North Dakota,2020-11-08,30,1740,1.66
North Dakota,2020-11-15,34,1877,2.53
North Dakota,2020-11-22,36,2008,1.79
North Dakota,2020-11-29,37,2094,2.08
North Dakota,2020-12-06,39,2202,2.0
North Dakota,2020-12-13,41,2342,1.57
North Dakota,2020-12-20,42,2430,2.54
North Dakota,2020-12-27,43,2547,1.93
North Dakota,2021-01-03,44,2674,0.82
North Dakota,2021-01-10,44,2740,1.38
North Dakota,2021-01-17,44,2817,0.96
North Dakota,2021-01-24,45,2904,1.74
North Dakota,2021-01-31,45,2978,1.04
North Dakota,2021-02-07,45,3028,1.1
North Dakota,2021-02-14,45,3085,1.48
North Dakota,2021-02-21,45,3126,1.57
North Dakota,2021-02-28,45,3173,1.11
North Dakota,2021-03-07,45,3195,1.17
North Dakota,2021-03-14,45,3217,1.06
North Dakota,2021-03-21,45,3253,1.35
North Dakota,2021-03-28,45,3282,0.99
North Dakota,2021-04-04,45,3314,1.94
North Dakota,2021-04-11,45,3345,1.19
North Dakota,2021-04-18,45,3367,1.18
North Dakota,2021-04-25,45,3399,1.34
North Dakota,2021-05-02,45,3426,1.26
North Dakota,2021-05-09,45,3465,1.33
North Dakota,2021-05-16,45,3502,1.31
North Dakota,2021-05-23,45,3528,1.69
North Dakota,2021-05-30,45,3564,1.74
North Dakota,2021-06-06,45,3622,1.76
North Dakota,2021-06-13,45,3661,0.8
North Dakota,2021-06-20,45,3702,1.47
North Dakota,2021-06-27,45,3755,1.11
North Dakota,2021-07-04,45,3796,1.4
North Dakota,2021-07-11,45,3830,1.0
North Dakota,2021-07-18,45,3875,1.35
North Dakota,2021-07-25,45,3919,0.97
North Dakota,2021-08-01,45,3965,1.05
North Dakota,2021-08-08,45,3995,0.97
North Dakota,2021-08-15,45,4035,1.74
North Dakota,2021-08-22,45,4080,1.62
North Dakota,2021-08-29,45,4119,1.57
North Dakota,2021-09-05,45,4152,1.82
North Dakota,2021-09-12,45,4194,1.63
North Dakota,2021-09-19,45,4240,0.84
North Dakota,2021-09-26,45,4290,0.93
North Dakota,2021-10-03,45,4359,1.07
North Dakota,2021-10-10,45,4412,1.99
North Dakota,2021-10-17,46,4481,1.91
North Dakota,2021-10-24,47,4570,1.94
North Dakota,2021-10-31,48,4630,1.56
North Dakota,2021-11-07,49,4728,1.02
North Dakota,2021-11-14,49,4799,1.01
North Dakota,2021-11-21,50,4894,1.36
North Dakota,2021-11-28,51,5001,1.28
North Dakota,2021-12-05,52,5078,1.27
North Dakota,2021-12-12,53,5185,1.45
North Dakota,2021-12-19,53,5249,1.05
North Dakota,2021-12-26,53,5309,1.1
Ohio,2020-03-01,12,418,3.03
Ohio,2020-03-08,48,1215,4.35
Ohio,2020-03-15,90,2090,4.36
Ohio,2020-03-22,115,2952,2.76
Ohio,2020-03-29,167,4132,4.08
Ohio,2020-04-05,224,5399,4.47
Ohio,2020-04-12,257,6293,4.16
Ohio,2020-04-19,318,7575,4.41
Ohio,2020-04-26,351,8620,3.42
Ohio,2020-05-03,382,9387,3.77
Ohio,2020-05-10,403,10132,2.9
Ohio,2020-05-17,423,10715,3.45
Ohio,2020-05-24,437,11097,3.82
Ohio,2020-05-31,444,11324,2.83
Ohio,2020-06-07,448,11597,1.52
Ohio,2020-06-14,456,11896,2.59
Ohio,2020-06-21,467,12326,2.99
Ohio,2020-06-28,473,12724,1.67
Ohio,2020-07-05,482,13151,2.05
Ohio,2020-07-12,492,13505,2.47
Ohio,2020-07-19,499,13764,2.36
Ohio,2020-07-26,504,14114,1.62
Ohio,2020-08-02,510,14432,1.73
Ohio,2020-08-09,521,14790,2.9
Ohio,2020-08-16,526,15184,1.51
Ohio,2020-08-23,533,15473,2.87
Ohio,2020-08-30,539,15781,2.28
Ohio,2020-09-06,544,16073,2.4
Ohio,2020-09-13,549,16333,2.06
Ohio,2020-09-20,556,16698,2.13
Ohio,2020-09-27,563,17023,2.9
Ohio,2020-10-04,602,18271,2.84
Ohio,2020-10-11,623,19282,1.94
Ohio,2020-10-18,653,20305,2.72
Ohio,2020-10-25,683,21979,1.65
Ohio,2020-11-01,721,23715,2.75
Ohio,2020-11-08,741,24891,2.06
Ohio,2020-11-15,789,26661,2.88
Ohio,2020-11-22,816,28774,1.5
Ohio,2020-11-29,845,30044,1.99
Ohio,2020-12-06,876,31381,2.41
Ohio,2020-12-13,908,33572,1.68
Ohio,2020-12-20,931,34780,2.15
Ohio,2020-12-27,980,36751,2.41
Ohio,2021-01-03,993,38305,0.91
Ohio,2021-01-10,1031,40154,1.8
Ohio,2021-01-17,1043,41719,0.92
Ohio,2021-01-24,1051,42557,1.16
Ohio,2021-01-31,1070,43616,1.61
Ohio,2021-02-07,1087,44723,1.93
Ohio,2021-02-14,1095,45330,1.59
Ohio,2021-02-21,1102,45983,1.2
Ohio,2021-02-28,1111,46679,1.33
Ohio,2021-03-07,1116,47199,1.26
Ohio,2021-03-14,1121,47576,1.22
Ohio,2021-03-21,1128,48120,1.6
Ohio,2021-03-28,1135,48616,1.48
Ohio,2021-04-04,1141,49102,1.39
Ohio,2021-04-11,1146,49635,0.93
Ohio,2021-04-18,1149,50003,0.88
Ohio,2021-04-25,1154,50604,0.87
Ohio,2021-05-02,1159,50987,1.38
Ohio,2021-05-09,1167,51586,1.56
Ohio,2021-05-16,1173,52087,1.17
Ohio,2021-05-23,1180,52663,1.47
Ohio,2021-05-30,1183,53076,0.84
Ohio,2021-06-06,1191,53834,1.19
Ohio,2021-06-13,1200,54711,0.95
Ohio,2021-06-20,1216,55573,1.94
Ohio,2021-06-27,1222,56121,1.25
Ohio,2021-07-04,1229,56630,1.53
Ohio,2021-07-11,1235,57374,0.84
Ohio,2021-07-18,1248,58064,1.71
Ohio,2021-07-25,1259,58735,1.91
Ohio,2021-08-01,1262,59328,0.82
Ohio,2021-08-08,1266,59835,0.92
Ohio,2021-08-15,1270,60333,0.83
Ohio,2021-08-22,1276,60786,1.68
Ohio,2021-08-29,1292,61626,1.87
Ohio,2021-09-05,1299,62411,0.81
Ohio,2021-09-12,1317,63335,1.87
Ohio,2021-09-19,1329,64061,1.87
Ohio,2021-09-26,1338,64943,0.92
Ohio,2021-10-03,1345,65651,1.07
Ohio,2021-10-10,1360,66758,1.54
Ohio,2021-10-17,1374,67464,1.71
Ohio,2021-10-24,1393,68720,1.35
Ohio,2021-10-31,1407,69768,1.43
Ohio,2021-11-07,1426,70885,1.73
Ohio,2021-11-14,1435,71947,1.11
Ohio,2021-11-21,1446,73236,1.08
Ohio,2021-11-28,1470,74608,1.62
Ohio,2021-12-05,1498,75888,1.87
Ohio,2021-12-12,1520,77417,1.56
Ohio,2021-12-19,1536,79090,1.13
Ohio,2021-12-26,1548,80340,0.87
Oklahoma,2020-03-01,7,208,3.61
Oklahoma,2020-03-08,13,464,2.56
Oklahoma,2020-03-15,25,813,3.33
Oklahoma,2020-03-22,32,1108,2.94
Oklahoma,2020-03-29,48,1461,4.19
Oklahoma,2020-04-05,62,1828,3.68
Oklahoma,2020-04-12,73,2158,2.84
Oklahoma,2020-04-19,89,2552,4.46
Oklahoma,2020-04-26,98,2924,2.95
Oklahoma,2020-05-03,105,3208,3.14
Oklahoma,2020-05-10,110,3401,2.57
Oklahoma,2020-05-17,113,3566,2.69
Oklahoma,2020-05-24,115,3650,3.73
Oklahoma,2020-05-31,116,3721,2.54
Oklahoma,2020-06-07,119,3867,2.58
Oklahoma,2020-06-14,122,4008,2.24
Oklahoma,2020-06-21,125,4133,2.52
Oklahoma,2020-06-28,127,4232,2.44
Oklahoma,2020-07-05,128,4317,1.52
Oklahoma,2020-07-12,131,4446,2.35
Oklahoma,2020-07-19,133,4531,2.2
Oklahoma,2020-07-26,136,4642,2.44
Oklahoma,2020-08-02,139,4781,2.28
Oklahoma,2020-08-09,141,4892,2.83
Oklahoma,2020-08-16,142,4995,1.58
Oklahoma,2020-08-23,143,5107,1.84
Oklahoma,2020-08-30,147,5254,2.75
Oklahoma,2020-09-06,149,5381,2.21
Oklahoma,2020-09-13,151,5529,1.69
Oklahoma,2020-09-20,153,5636,2.25
Oklahoma,2020-09-27,155,5756,1.71
Oklahoma,2020-10-04,159,6076,1.78
Oklahoma,2020-10-11,169,6561,2.14
Oklahoma,2020-10-18,181,7081,2.52
Oklahoma,2020-10-25,191,7541,2.06
Oklahoma,2020-11-01,207,8065,2.77
Oklahoma,2020-11-08,214,8508,1.7
Oklahoma,2020-11-15,222,9013,1.53
Oklahoma,2020-11-22,237,9504,2.89
Oklahoma,2020-11-29,248,10191,1.8
Oklahoma,2020-12-06,257,10790,1.76
Oklahoma,2020-12-13,264,11309,1.74
Oklahoma,2020-12-20,273,11971,1.75
Oklahoma,2020-12-27,289,12554,2.96
Oklahoma,2021-01-03,295,12948,1.48
Oklahoma,2021-01-10,302,13506,1.55
Oklahoma,2021-01-17,306,13957,0.91
Oklahoma,2021-01-24,314,14411,1.96
Oklahoma,2021-01-31,318,14667,1.45
Oklahoma,2021-02-07,321,15046,1.03
Oklahoma,2021-02-14,324,15336,1.2
Oklahoma,2021-02-21,328,15589,1.76
Oklahoma,2021-02-28,331,15859,1.2
Oklahoma,2021-03-07,332,15995,1.46
Oklahoma,2021-03-14,333,16151,1.18
Oklahoma,2021-03-21,335,16353,0.99
Oklahoma,2021-03-28,336,16557,0.82
Oklahoma,2021-04-04,337,16691,0.85
Oklahoma,2021-04-11,338,16890,0.81
Oklahoma,2021-04-18,340,17048,1.85
Oklahoma,2021-04-25,343,17223,1.62
Oklahoma,2021-05-02,345,17423,1.79
Oklahoma,2021-05-09,346,17578,1.28
Oklahoma,2021-05-16,347,17731,1.26
Oklahoma,2021-05-23,349,17934,0.91
Oklahoma,2021-05-30,351,18090,1.55
Oklahoma,2021-06-06,354,18330,1.32
Oklahoma,2021-06-13,358,18558,1.91
Oklahoma,2021-06-20,359,18736,0.93
Oklahoma,2021-06-27,361,18904,1.54
Oklahoma,2021-07-04,362,19119,0.81
Oklahoma,2021-07-11,365,19345,1.38
Oklahoma,2021-07-18,367,19590,1.23
Oklahoma,2021-07-25,372,19829,1.89
Oklahoma,2021-08-01,374,19983,2.0
Oklahoma,2021-08-08,377,20211,1.89
Oklahoma,2021-08-15,380,20469,1.17
Oklahoma,2021-08-22,382,20656,1.94
Oklahoma,2021-08-29,385,20910,1.44
Oklahoma,2021-09-05,387,21109,1.65
Oklahoma,2021-09-12,390,21370,1.1
Oklahoma,2021-09-19,391,21562,1.04
Oklahoma,2021-09-26,393,21832,1.08
Oklahoma,2021-10-03,399,22202,1.65
Oklahoma,2021-10-10,402,22443,1.63
Oklahoma,2021-10-17,406,22839,1.1
Oklahoma,2021-10-24,411,23162,1.83
Oklahoma,2021-10-31,415,23548,0.97
Oklahoma,2021-11-07,421,24029,1.32
Oklahoma,2021-11-14,428,24532,1.43
Oklahoma,2021-11-21,433,24963,1.63
Oklahoma,2021-11-28,438,25465,1.32
Oklahoma,2021-12-05,443,25967,1.25
Oklahoma,2021-12-12,453,26435,1.86
Oklahoma,2021-12-19,461,26990,1.84
Oklahoma,2021-12-26,467,27393,1.78
Oregon,2020-03-01,7,224,3.71
Oregon,2020-03-08,18,565,3.51
Oregon,2020-03-15,31,995,3.49
Oregon,2020-03-22,48,1375,4.13
Oregon,2020-03-29,64,1855,3.92
Oregon,2020-04-05,83,2370,4.29
Oregon,2020-04-12,99,2695,4.45
Oregon,2020-04-19,120,3182,4.27
Oregon,2020-04-26,131,3568,3.59
Oregon,2020-05-03,143,3914,3.51
Oregon,2020-05-10,150,4156,3.48
Oregon,2020-05-17,153,4310,2.82
Oregon,2020-05-24,156,4461,2.81
Oregon,2020-05-31,158,4530,3.72
Oregon,2020-06-07,161,4679,2.68
Oregon,2020-06-14,164,4789,2.91
Oregon,2020-06-21,166,4931,1.62
Oregon,2020-06-28,168,5062,1.78
Oregon,2020-07-05,170,5196,1.99
Oregon,2020-07-12,173,5349,1.99
Oregon,2020-07-19,175,5445,2.76
Oregon,2020-07-26,177,5540,2.46
Oregon,2020-08-02,179,5698,2.04
Oregon,2020-08-09,181,5825,2.18
Oregon,2020-08-16,185,5966,2.64
Oregon,2020-08-23,188,6129,1.9
Oregon,2020-08-30,190,6248,2.52
Oregon,2020-09-06,195,6412,2.59
Oregon,2020-09-13,199,6564,2.85
Oregon,2020-09-20,201,6688,1.88
Oregon,2020-09-27,203,6778,2.29
Oregon,2020-10-04,217,7190,2.96
Oregon,2020-10-11,224,7547,2.05
Oregon,2020-10-18,236,7995,2.7
Oregon,2020-10-25,253,8546,2.78
Oregon,2020-11-01,263,8984,2.57
Oregon,2020-11-08,271,9502,1.58
Oregon,2020-11-15,282,10062,1.88
Oregon,2020-11-22,293,10792,1.87
Oregon,2020-11-29,306,11560,1.51
Oregon,2020-12-06,318,12241,1.98
Oregon,2020-12-13,324,12680,1.85
Oregon,2020-12-20,335,13325,1.75
Oregon,2020-12-27,344,13935,1.95
Oregon,2021-01-03,347,14330,0.83
Oregon,2021-01-10,354,14785,1.76
Oregon,2021-01-17,361,15242,1.42
Oregon,2021-01-24,364,15612,0.95
Oregon,2021-01-31,368,15958,1.33
Oregon,2021-02-07,373,16302,1.54
Oregon,2021-02-14,378,16654,1.65
Oregon,2021-02-21,383,16959,1.85
Oregon,2021-02-28,387,17194,1.72
Oregon,2021-03-07,388,17319,1.87
Oregon,2021-03-14,391,17513,1.71
Oregon,2021-03-21,392,17637,1.52
Oregon,2021-03-28,393,17789,0.91
Oregon,2021-04-04,394,17956,0.93
Oregon,2021-04-11,397,18149,1.72
Oregon,2021-04-18,400,18309,1.94
Oregon,2021-04-25,401,18457,0.99
Oregon,2021-05-02,403,18616,1.49
Oregon,2021-05-09,405,18810,1.41
Oregon,2021-05-16,407,19015,1.17
Oregon,2021-05-23,409,19145,1.95
Oregon,2021-05-30,410,19287,0.86
Oregon,2021-06-06,415,19626,1.32
Oregon,2021-06-13,419,19904,1.56
Oregon,2021-06-20,422,20123,1.23
Oregon,2021-06-27,428,20417,1.97
Oregon,2021-07-04,431,20593,1.79
Oregon,2021-07-11,434,20876,1.37
Oregon,2021-07-18,436,21094,1.19
Oregon,2021-07-25,439,21356,1.76
Oregon,2021-08-01,442,21603,1.55
Oregon,2021-08-08,445,21787,1.83
Oregon,2021-08-15,447,22015,1.53
Oregon,2021-08-22,449,22242,1.03
Oregon,2021-08-29,453,22507,1.89
Oregon,2021-09-05,456,22717,1.58
Oregon,2021-09-12,461,23028,1.84
Oregon,2021-09-19,464,23359,0.97
Oregon,2021-09-26,468,23644,1.41
Oregon,2021-10-03,471,24041,0.96
Oregon,2021-10-10,474,24354,1.15
Oregon,2021-10-17,483,24803,1.95
Oregon,2021-10-24,488,25260,1.43
Oregon,2021-10-31,494,25663,1.47
Oregon,2021-11-07,498,26007,1.24
Oregon,2021-11-14,506,26553,1.33
Oregon,2021-11-21,511,27060,1.12
Oregon,2021-11-28,520,27618,1.37
Oregon,2021-12-05,523,27998,0.89
Oregon,2021-12-12,534,28558,1.99
Oregon,2021-12-19,545,29146,1.79
Oregon,2021-12-26,552,29630,1.26
Pennsylvania,2020-03-01,21,623,3.58
Pennsylvania,2020-03-08,45,1498,3.44
Pennsylvania,2020-03-15,88,2748,3.39
Pennsylvania,2020-03-22,108,3656,2.51
Pennsylvania,2020-03-29,152,5066,2.7
Pennsylvania,2020-04-05,179,6142,2.91
Pennsylvania,2020-04-12,221,7051,4.04
Pennsylvania,2020-04-19,255,8345,2.88
Pennsylvania,2020-04-26,297,9418,4.41
Pennsylvania,2020-05-03,329,10474,3.38
Pennsylvania,2020-05-10,350,11196,2.64
Pennsylvania,2020-05-17,365,11659,3.95
Pennsylvania,2020-05-24,380,12120,2.89
Pennsylvania,2020-05-31,390,12360,4.44
Pennsylvania,2020-06-07,397,12803,2.06
Pennsylvania,2020-06-14,404,13179,1.75
Pennsylvania,2020-06-21,411,13474,2.38
Pennsylvania,2020-06-28,419,13872,2.49
Pennsylvania,2020-07-05,428,14274,1.93
Pennsylvania,2020-07-12,438,14725,2.96
Pennsylvania,2020-07-19,442,15064,1.79
Pennsylvania,2020-07-26,449,15393,2.52
Pennsylvania,2020-08-02,460,15785,2.83
Pennsylvania,2020-08-09,467,16150,2.06
Pennsylvania,2020-08-16,474,16464,2.45
Pennsylvania,2020-08-23,486,16936,2.63
Pennsylvania,2020-08-30,493,17294,1.81
Pennsylvania,2020-09-06,499,17680,1.84
Pennsylvania,2020-09-13,506,17991,2.67
Pennsylvania,2020-09-20,514,18387,2.18
Pennsylvania,2020-09-27,527,18865,2.8
Pennsylvania,2020-10-04,546,19748,2.14
Pennsylvania,2020-10-11,576,21171,2.48
Pennsylvania,2020-10-18,607,22805,1.77
Pennsylvania,2020-10-25,637,24269,2.56
Pennsylvania,2020-11-01,674,25900,2.56
Pennsylvania,2020-11-08,728,28038,2.45
Pennsylvania,2020-11-15,767,29756,2.22
Pennsylvania,2020-11-22,814,31653,2.55
Pennsylvania,2020-11-29,837,33254,1.82
Pennsylvania,2020-12-06,887,34965,2.62
Pennsylvania,2020-12-13,933,36535,2.94
Pennsylvania,2020-12-20,997,38855,2.56
Pennsylvania,2020-12-27,1016,40190,1.83
Pennsylvania,2021-01-03,1041,42088,1.21
Pennsylvania,2021-01-10,1062,43504,1.78
Pennsylvania,2021-01-17,1075,44665,1.21
Pennsylvania,2021-01-24,1092,45861,1.72
Pennsylvania,2021-01-31,1108,46941,1.8
Pennsylvania,2021-02-07,1130,48284,1.98
Pennsylvania,2021-02-14,1141,49112,1.25
Pennsylvania,2021-02-21,1156,50005,1.57
Pennsylvania,2021-02-28,1167,50592,1.8
Pennsylvania,2021-03-07,1177,51136,1.87
Pennsylvania,2021-03-14,1182,51563,1.32
Pennsylvania,2021-03-21,1188,51944,1.95
Pennsylvania,2021-03-28,1194,52525,1.41
Pennsylvania,2021-04-04,1205,53177,1.82
Pennsylvania,2021-04-11,1208,53612,0.95
Pennsylvania,2021-04-18,1215,54055,1.41
Pennsylvania,2021-04-25,1225,54598,1.87
Pennsylvania,2021-05-02,1234,55110,1.83
Pennsylvania,2021-05-09,1240,55745,1.15
Pennsylvania,2021-05-16,1250,56375,1.5
Pennsylvania,2021-05-23,1255,57031,0.86
Pennsylvania,2021-05-30,1263,57512,1.55
Pennsylvania,2021-06-06,1274,58260,1.47
Pennsylvania,2021-06-13,1285,58893,1.78
Pennsylvania,2021-06-20,1294,59867,1.21
Pennsylvania,2021-06-27,1301,60598,0.9
Pennsylvania,2021-07-04,1309,61102,1.7
Pennsylvania,2021-07-11,1314,61722,0.88
Pennsylvania,2021-07-18,1323,62413,1.14
Pennsylvania,2021-07-25,1330,62987,1.34
Pennsylvania,2021-08-01,1339,63482,1.92
Pennsylvania,2021-08-08,1345,63978,1.26
Pennsylvania,2021-08-15,1354,64665,1.63
Pennsylvania,2021-08-22,1363,65281,1.78
Pennsylvania,2021-08-29,1372,66182,0.91
Pennsylvania,2021-09-05,1381,66900,1.53
Pennsylvania,2021-09-12,1386,67514,1.06
Pennsylvania,2021-09-19,1397,68297,1.42
Pennsylvania,2021-09-26,1415,69397,1.59
Pennsylvania,2021-10-03,1427,70339,1.37
Pennsylvania,2021-10-10,1437,71608,1.08
Pennsylvania,2021-10-17,1451,72820,1.04
Pennsylvania,2021-10-24,1461,74239,0.89
Pennsylvania,2021-10-31,1477,75457,1.53
Pennsylvania,2021-11-07,1497,76893,1.51
Pennsylvania,2021-11-14,1511,77833,1.7
Pennsylvania,2021-11-21,1532,79458,1.3
Pennsylvania,2021-11-28,1561,81152,1.84
Pennsylvania,2021-12-05,1580,82314,1.73
Pennsylvania,2021-12-12,1599,83474,1.89
Pennsylvania,2021-12-19,1607,84497,0.82
Pennsylvania,2021-12-26,1624,86063,1.17
Rhode Island,2020-03-01,1,49,3.86
Rhode Island,2020-03-08,4,138,2.95
Rhode Island,2020-03-15,6,206,4.04
Rhode Island,2020-03-22,9,279,4.25
Rhode Island,2020-03-29,12,378,3.9
Rhode Island,2020-04-05,16,510,3.13
Rhode Island,2020-04-12,19,617,3.21
Rhode Island,2020-04-19,21,698,2.8
Rhode Island,2020-04-26,23,798,2.89
Rhode Island,2020-05-03,26,897,2.99
Rhode Island,2020-05-10,28,968,3.4
Rhode Island,2020-05-17,29,1020,3.42
Rhode Island,2020-05-24,30,1054,3.68
Rhode Island,2020-05-31,30,1069,3.1
Rhode Island,2020-06-07,30,1092,1.56
Rhode Island,2020-06-14,30,1128,2.49
Rhode Island,2020-06-21,30,1167,2.22
Rhode Island,2020-06-28,30,1197,2.89
Rhode Island,2020-07-05,30,1225,2.35
Rhode Island,2020-07-12,30,1250,2.39
Rhode Island,2020-07-19,30,1274,2.92
Rhode Island,2020-07-26,30,1314,2.51
Rhode Island,2020-08-02,30,1347,2.51
Rhode Island,2020-08-09,30,1375,2.81
Rhode Island,2020-08-16,31,1411,2.9
Rhode Island,2020-08-23,31,1452,2.55
Rhode Island,2020-08-30,31,1492,2.23
Rhode Island,2020-09-06,31,1526,1.72
Rhode Island,2020-09-13,31,1565,1.52
Rhode Island,2020-09-20,31,1588,2.12
Rhode Island,2020-09-27,32,1626,2.92
Rhode Island,2020-10-04,34,1715,2.89
Rhode Island,2020-10-11,37,1836,2.54
Rhode Island,2020-10-18,40,1978,2.05
Rhode Island,2020-10-25,41,2077,2.08
Rhode Island,2020-11-01,42,2193,1.53
Rhode Island,2020-11-08,47,2360,2.7
Rhode Island,2020-11-15,51,2504,2.4
Rhode Island,2020-11-22,54,2634,2.58
Rhode Island,2020-11-29,57,2757,2.79
Rhode Island,2020-12-06,58,2875,1.64
Rhode Island,2020-12-13,61,3020,2.26
Rhode Island,2020-12-20,64,3154,2.87
Rhode Island,2020-12-27,66,3263,1.95
Rhode Island,2021-01-03,67,3397,1.13
Rhode Island,2021-01-10,69,3554,2.0
Rhode Island,2021-01-17,70,3667,1.54
Rhode Island,2021-01-24,71,3770,1.89
Rhode Island,2021-01-31,72,3867,1.58
Rhode Island,2021-02-07,72,3972,0.85
Rhode Island,2021-02-14,72,4050,1.18
Rhode Island,2021-02-21,73,4135,1.68
Rhode Island,2021-02-28,74,4190,1.85
Rhode Island,2021-03-07,74,4230,1.68
Rhode Island,2021-03-14,74,4281,1.44
Rhode Island,2021-03-21,74,4328,1.57
Rhode Island,2021-03-28,74,4359,1.32
Rhode Island,2021-04-04,75,4412,1.91
Rhode Island,2021-04-11,75,4462,1.33
Rhode Island,2021-04-18,75,4498,1.25
Rhode Island,2021-04-25,75,4529,1.67
Rhode Island,2021-05-02,75,4570,1.34
Rhode Island,2021-05-09,75,4621,1.15
Rhode Island,2021-05-16,75,4669,1.48
Rhode Island,2021-05-23,75,4707,1.88
Rhode Island,2021-05-30,76,4763,1.72
Rhode Island,2021-06-06,76,4823,1.73
Rhode Island,2021-06-13,76,4898,1.36
Rhode Island,2021-06-20,77,4976,1.83
Rhode Island,2021-06-27,77,5041,1.24
Rhode Island,2021-07-04,77,5111,1.17
Rhode Island,2021-07-11,77,5156,1.6
Rhode Island,2021-07-18,77,5203,1.19
Rhode Island,2021-07-25,77,5266,1.19
Rhode Island,2021-08-01,77,5306,1.05
Rhode Island,2021-08-08,77,5348,1.81
Rhode Island,2021-08-15,78,5420,1.63
Rhode Island,2021-08-22,79,5481,1.52
Rhode Island,2021-08-29,79,5549,0.84
Rhode Island,2021-09-05,80,5631,1.75
Rhode Island,2021-09-12,81,5708,1.99
Rhode Island,2021-09-19,81,5789,1.14
Rhode Island,2021-09-26,81,5873,0.98
Rhode Island,2021-10-03,81,5963,0.95
Rhode Island,2021-10-10,82,6069,1.19
Rhode Island,2021-10-17,83,6187,1.07
Rhode Island,2021-10-24,85,6291,1.71
Rhode Island,2021-10-31,86,6419,1.73
Rhode Island,2021-11-07,86,6495,1.26
Rhode Island,2021-11-14,87,6620,1.59
Rhode Island,2021-11-21,88,6757,1.1
Rhode Island,2021-11-28,89,6885,1.32
Rhode Island,2021-12-05,90,6972,1.28
Rhode Island,2021-12-12,91,7122,1.3
Rhode Island,2021-12-19,93,7257,1.93
Rhode Island,2021-12-26,95,7373,1.76
South Carolina,2020-03-01,6,196,3.76
South Carolina,2020-03-08,19,529,3.56
South Carolina,2020-03-15,29,920,3.06
South Carolina,2020-03-22,44,1478,2.84
South Carolina,2020-03-29,60,1879,4.05
South Carolina,2020-04-05,77,2344,3.22
South Carolina,2020-04-12,100,2865,3.94
South Carolina,2020-04-19,122,3456,3.16
South Carolina,2020-04-26,133,3762,3.25
South Carolina,2020-05-03,141,4077,3.05
South Carolina,2020-05-10,152,4388,3.38
South Carolina,2020-05-17,161,4654,3.85
South Carolina,2020-05-24,165,4833,3.03
South Carolina,2020-05-31,166,4893,3.63
South Carolina,2020-06-07,168,5013,1.95
South Carolina,2020-06-14,172,5176,2.73
South Carolina,2020-06-21,174,5307,1.87
South Carolina,2020-06-28,176,5415,2.82
South Carolina,2020-07-05,179,5609,2.01
South Carolina,2020-07-12,182,5781,2.38
South Carolina,2020-07-19,185,5939,2.6
South Carolina,2020-07-26,187,6047,2.19
South Carolina,2020-08-02,189,6215,1.82
South Carolina,2020-08-09,191,6340,2.32
South Carolina,2020-08-16,193,6449,1.58
South Carolina,2020-08-23,195,6569,2.56
South Carolina,2020-08-30,197,6686,2.26
South Carolina,2020-09-06,203,6881,2.92
South Carolina,2020-09-13,206,7043,2.18
South Carolina,2020-09-20,210,7237,2.4
South Carolina,2020-09-27,212,7365,1.57
South Carolina,2020-10-04,219,7800,2.16
South Carolina,2020-10-11,230,8451,1.54
South Carolina,2020-10-18,244,8914,2.83
South Carolina,2020-10-25,255,9423,2.35
South Carolina,2020-11-01,269,9971,2.79
South Carolina,2020-11-08,280,10642,1.75
South Carolina,2020-11-15,301,11549,2.04
South Carolina,2020-11-22,315,12511,1.72
South Carolina,2020-11-29,330,13445,2.09
South Carolina,2020-12-06,347,14106,2.4
South Carolina,2020-12-13,358,14693,1.67
South Carolina,2020-12-20,380,15533,2.38
South Carolina,2020-12-27,396,16202,2.64
South Carolina,2021-01-03,405,16761,1.67
South Carolina,2021-01-10,416,17556,1.22
South Carolina,2021-01-17,424,18272,1.09
South Carolina,2021-01-24,433,18769,1.9
South Carolina,2021-01-31,439,19304,1.36
South Carolina,2021-02-07,443,19646,1.31
South Carolina,2021-02-14,448,20042,1.63
South Carolina,2021-02-21,451,20371,0.85
South Carolina,2021-02-28,455,20759,1.29
South Carolina,2021-03-07,457,20923,1.58
South Carolina,2021-03-14,459,21163,1.1
South Carolina,2021-03-21,461,21390,1.19
South Carolina,2021-03-28,463,21551,1.34
South Carolina,2021-04-04,466,21746,1.81
South Carolina,2021-04-11,468,21912,1.5
South Carolina,2021-04-18,469,22104,0.94
South Carolina,2021-04-25,470,22256,0.92
South Carolina,2021-05-02,473,22436,1.91
South Carolina,2021-05-09,476,22672,1.44
South Carolina,2021-05-16,479,22847,1.93
South Carolina,2021-05-23,481,23092,1.24
South Carolina,2021-05-30,482,23318,0.81
South Carolina,2021-06-06,487,23594,1.55
South Carolina,2021-06-13,492,23906,1.78
South Carolina,2021-06-20,498,24207,1.92
South Carolina,2021-06-27,501,24543,1.16
South Carolina,2021-07-04,504,24771,1.33
South Carolina,2021-07-11,509,25088,1.88
South Carolina,2021-07-18,511,25271,1.83
South Carolina,2021-07-25,513,25545,0.83
South Carolina,2021-08-01,515,25876,0.92
South Carolina,2021-08-08,519,26106,1.89
South Carolina,2021-08-15,521,26332,0.9
South Carolina,2021-08-22,524,26583,1.61
South Carolina,2021-08-29,527,26811,1.62
South Carolina,2021-09-05,529,27185,0.87
South Carolina,2021-09-12,535,27609,1.32
South Carolina,2021-09-19,539,27890,1.53
South Carolina,2021-09-26,545,28217,1.79
South Carolina,2021-10-03,550,28582,1.47
South Carolina,2021-10-10,553,28913,1.28
South Carolina,2021-10-17,559,29324,1.71
South Carolina,2021-10-24,565,29905,1.15
South Carolina,2021-10-31,573,30468,1.46
South Carolina,2021-11-07,577,30834,1.28
South Carolina,2021-11-14,586,31507,1.17
South Carolina,2021-11-21,593,32096,1.21
South Carolina,2021-11-28,603,32752,1.86
South Carolina,2021-12-05,607,33253,1.2
South Carolina,2021-12-12,617,33846,1.83
South Carolina,2021-12-19,626,34489,1.55
South Carolina,2021-12-26,634,34930,1.65
South Dakota,2020-03-01,1,49,2.54
South Dakota,2020-03-08,2,91,3.64
South Dakota,2020-03-15,4,144,4.18
South Dakota,2020-03-22,7,232,4.44
South Dakota,2020-03-29,9,338,2.75
South Dakota,2020-04-05,13,445,4.31
South Dakota,2020-04-12,17,537,3.92
South Dakota,2020-04-19,19,600,4.12
South Dakota,2020-04-26,21,672,3.35
South Dakota,2020-05-03,24,752,3.6
South Dakota,2020-05-10,25,792,3.95
South Dakota,2020-05-17,26,833,3.71
South Dakota,2020-05-24,27,863,4.14
South Dakota,2020-05-31,27,879,3.33
South Dakota,2020-06-07,27,911,2.15
South Dakota,2020-06-14,27,933,1.51
South Dakota,2020-06-21,27,953,2.63
South Dakota,2020-06-28,27,978,1.63
South Dakota,2020-07-05,27,1009,1.73
South Dakota,2020-07-12,27,1042,2.52
South Dakota,2020-07-19,27,1062,1.88
South Dakota,2020-07-26,27,1092,2.46
South Dakota,2020-08-02,27,1117,1.57
South Dakota,2020-08-09,27,1146,2.21
South Dakota,2020-08-16,27,1169,1.94
South Dakota,2020-08-23,27,1200,2.27
South Dakota,2020-08-30,27,1222,2.48
South Dakota,2020-09-06,28,1253,2.92
South Dakota,2020-09-13,28,1277,2.68
South Dakota,2020-09-20,28,1298,1.55
South Dakota,2020-09-27,28,1331,1.86
South Dakota,2020-10-04,29,1439,1.54
South Dakota,2020-10-11,30,1522,1.56
South Dakota,2020-10-18,31,1602,2.33
South Dakota,2020-10-25,32,1683,1.57
South Dakota,2020-11-01,34,1770,2.64
South Dakota,2020-11-08,36,1882,2.13
South Dakota,2020-11-15,40,2042,2.57
South Dakota,2020-11-22,42,2159,2.07
South Dakota,2020-11-29,45,2301,2.22
South Dakota,2020-12-06,49,2472,2.73
South Dakota,2020-12-13,51,2620,1.9
South Dakota,2020-12-20,52,2735,2.1
South Dakota,2020-12-27,55,2879,2.04
South Dakota,2021-01-03,55,2964,1.01
South Dakota,2021-01-10,57,3077,1.94
South Dakota,2021-01-17,58,3167,1.16
South Dakota,2021-01-24,60,3283,1.56
South Dakota,2021-01-31,61,3377,1.23
South Dakota,2021-02-07,62,3463,1.63
South Dakota,2021-02-14,62,3521,0.97
South Dakota,2021-02-21,62,3592,0.84
South Dakota,2021-02-28,62,3638,1.54
South Dakota,2021-03-07,62,3667,1.0
South Dakota,2021-03-14,62,3702,1.13
South Dakota,2021-03-21,62,3736,0.87
South Dakota,2021-03-28,62,3767,1.58
South Dakota,2021-04-04,62,3803,1.73
South Dakota,2021-04-11,62,3833,1.2
South Dakota,2021-04-18,62,3877,1.88
South Dakota,2021-04-25,62,3904,1.39
South Dakota,2021-05-02,62,3936,0.98
South Dakota,2021-05-09,62,3981,2.0
South Dakota,2021-05-16,62,4018,1.83
South Dakota,2021-05-23,62,4057,1.29
South Dakota,2021-05-30,62,4090,0.89
South Dakota,2021-06-06,62,4140,1.17
South Dakota,2021-06-13,62,4207,1.39
South Dakota,2021-06-20,62,4261,1.29
South Dakota,2021-06-27,62,4317,0.95
South Dakota,2021-07-04,62,4370,1.05
South Dakota,2021-07-11,62,4415,1.34
South Dakota,2021-07-18,62,4463,1.57
South Dakota,2021-07-25,62,4501,1.19
South Dakota,2021-08-01,62,4540,1.98
South Dakota,2021-08-08,62,4576,0.81
South Dakota,2021-08-15,62,4615,0.94
South Dakota,2021-08-22,62,4673,1.68
South Dakota,2021-08-29,62,4720,1.41
South Dakota,2021-09-05,63,4784,1.89
South Dakota,2021-09-12,63,4847,0.93
South Dakota,2021-09-19,63,4898,1.32
South Dakota,2021-09-26,63,4952,0.86
South Dakota,2021-10-03,63,5000,0.81
South Dakota,2021-10-10,63,5060,1.07
South Dakota,2021-10-17,63,5126,0.95
South Dakota,2021-10-24,64,5222,1.61
South Dakota,2021-10-31,65,5308,1.66
South Dakota,2021-11-07,67,5403,1.84
South Dakota,2021-11-14,68,5496,1.32
South Dakota,2021-11-21,69,5605,0.81
South Dakota,2021-11-28,70,5681,1.36
South Dakota,2021-12-05,70,5761,1.37
South Dakota,2021-12-12,70,5851,1.01
South Dakota,2021-12-19,72,5941,1.99
South Dakota,2021-12-26,73,6015,1.67
Tennessee,2020-03-01,7,248,2.71
Tennessee,2020-03-08,21,814,2.89
Tennessee,2020-03-15,37,1270,3.53
Tennessee,2020-03-22,56,1783,4.01
Tennessee,2020-03-29,87,2619,3.81
Tennessee,2020-04-05,117,3429,4.14
Tennessee,2020-04-12,140,4045,4.37
Tennessee,2020-04-19,157,4511,3.41
Tennessee,2020-04-26,186,5184,4.34
Tennessee,2020-05-03,201,5558,3.68
Tennessee,2020-05-10,207,5856,2.85
Tennessee,2020-05-17,221,6163,4.27
Tennessee,2020-05-24,228,6411,2.63
Tennessee,2020-05-31,232,6539,3.13
Tennessee,2020-06-07,237,6719,2.83
Tennessee,2020-06-14,241,6958,2.35
Tennessee,2020-06-21,245,7169,2.04
Tennessee,2020-06-28,250,7408,2.87
Tennessee,2020-07-05,257,7653,2.91
Tennessee,2020-07-12,259,7814,1.62
Tennessee,2020-07-19,265,8037,2.44
Tennessee,2020-07-26,269,8231,2.0
Tennessee,2020-08-02,277,8478,2.91
Tennessee,2020-08-09,282,8676,2.45
Tennessee,2020-08-16,285,8882,1.83
Tennessee,2020-08-23,288,9027,2.58
Tennessee,2020-08-30,291,9202,1.95
Tennessee,2020-09-06,295,9396,2.51
Tennessee,2020-09-13,298,9556,2.25
Tennessee,2020-09-20,301,9737,1.6
Tennessee,2020-09-27,304,9968,1.68
Tennessee,2020-10-04,324,10819,2.52
Tennessee,2020-10-11,347,11638,2.63
Tennessee,2020-10-18,360,12426,2.14
Tennessee,2020-10-25,382,13508,2.4
Tennessee,2020-11-01,421,14657,2.87
Tennessee,2020-11-08,452,15838,3.0
Tennessee,2020-11-15,481,17045,2.73
Tennessee,2020-11-22,502,17823,2.97
Tennessee,2020-11-29,517,19089,1.51
Tennessee,2020-12-06,537,20100,1.86
Tennessee,2020-12-13,551,21156,1.62
Tennessee,2020-12-20,569,22076,1.78
Tennessee,2020-12-27,583,22973,1.64
Tennessee,2021-01-03,588,23646,0.95
Tennessee,2021-01-10,609,24659,1.91
Tennessee,2021-01-17,616,25350,1.13
Tennessee,2021-01-24,629,26142,1.99
Tennessee,2021-01-31,637,26602,1.63
Tennessee,2021-02-07,649,27283,1.61
Tennessee,2021-02-14,660,27789,1.9
Tennessee,2021-02-21,665,28331,1.17
Tennessee,2021-02-28,671,28747,1.34
Tennessee,2021-03-07,673,28957,1.11
Tennessee,2021-03-14,675,29166,1.18
Tennessee,2021-03-21,678,29462,0.99
Tennessee,2021-03-28,683,29729,1.9
Tennessee,2021-04-04,684,29968,0.97
Tennessee,2021-04-11,686,30249,0.93
Tennessee,2021-04-18,688,30540,1.13
Tennessee,2021-04-25,693,30861,1.94
Tennessee,2021-05-02,696,31080,1.95
Tennessee,2021-05-09,699,31435,0.81
Tennessee,2021-05-16,703,31679,1.93
Tennessee,2021-05-23,705,31981,0.9
Tennessee,2021-05-30,710,32302,1.43
Tennessee,2021-06-06,717,32740,1.84
Tennessee,2021-06-13,727,33295,1.95
Tennessee,2021-06-20,735,33797,1.82
Tennessee,2021-06-27,739,34213,0.89
Tennessee,2021-07-04,741,34511,0.88
Tennessee,2021-07-11,749,34885,1.83
Tennessee,2021-07-18,752,35221,0.87
Tennessee,2021-07-25,756,35580,1.34
Tennessee,2021-08-01,760,35927,1.21
Tennessee,2021-08-08,766,36288,1.85
Tennessee,2021-08-15,771,36593,1.82
Tennessee,2021-08-22,775,36903,1.55
Tennessee,2021-08-29,781,37379,1.34
Tennessee,2021-09-05,785,37694,1.28
Tennessee,2021-09-12,789,38217,0.99
Tennessee,2021-09-19,796,38638,1.58
Tennessee,2021-09-26,805,39210,1.41
Tennessee,2021-10-03,809,39718,0.95
Tennessee,2021-10-10,821,40429,1.75
Tennessee,2021-10-17,832,41071,1.92
Tennessee,2021-10-24,844,41628,1.97
Tennessee,2021-10-31,851,42208,1.36
Tennessee,2021-11-07,860,42741,1.95
Tennessee,2021-11-14,868,43597,1.03
Tennessee,2021-11-21,877,44111,1.72
Tennessee,2021-11-28,883,44902,0.86
Tennessee,2021-12-05,889,45459,1.15
Tennessee,2021-12-12,901,46245,1.53
Tennessee,2021-12-19,907,46901,1.09
Tennessee,2021-12-26,919,47818,1.54
Texas,2020-03-01,54,1175,4.25
Texas,2020-03-08,116,3243,3.31
Texas,2020-03-15,226,6179,4.09
Texas,2020-03-22,341,9319,4.02
Texas,2020-03-29,406,12010,2.87
Texas,2020-04-05,518,15309,3.04
Texas,2020-04-12,615,19040,2.65
Texas,2020-04-19,759,22247,4.08
Texas,2020-04-26,837,24467,3.41
Texas,2020-05-03,935,27138,3.16
Texas,2020-05-10,1003,28570,4.48
Texas,2020-05-17,1043,29770,3.73
Texas,2020-05-24,1059,30472,2.73
Texas,2020-05-31,1076,30885,4.03
Texas,2020-06-07,1095,31550,2.78
Texas,2020-06-14,1119,32666,2.51
Texas,2020-06-21,1136,33526,2.47
Texas,2020-06-28,1145,34145,1.69
Texas,2020-07-05,1160,34982,2.23
Texas,2020-07-12,1181,35947,2.39
Texas,2020-07-19,1190,36566,1.62
Texas,2020-07-26,1205,37258,2.07
Texas,2020-08-02,1220,38157,1.85
Texas,2020-08-09,1248,39091,2.79
Texas,2020-08-16,1265,39993,2.04
Texas,2020-08-23,1284,41066,1.56
Texas,2020-08-30,1303,42026,2.52
Texas,2020-09-06,1320,42955,2.23
Texas,2020-09-13,1341,43712,2.84
Texas,2020-09-20,1355,44540,1.61
Texas,2020-09-27,1378,45520,2.42
Texas,2020-10-04,1435,48202,2.39
Texas,2020-10-11,1520,52103,2.38
Texas,2020-10-18,1596,55369,2.71
Texas,2020-10-25,1670,58551,2.52
Texas,2020-11-01,1755,63102,1.7
Texas,2020-11-08,1808,66118,1.52
Texas,2020-11-15,1888,70548,2.03
Texas,2020-11-22,2013,75176,2.26
Texas,2020-11-29,2148,80812,2.45
Texas,2020-12-06,2239,85145,2.52
Texas,2020-12-13,2290,88989,1.61
Texas,2020-12-20,2374,92389,2.23
Texas,2020-12-27,2439,96339,2.0
Texas,2021-01-03,2484,100219,1.13
Texas,2021-01-10,2521,104740,0.93
Texas,2021-01-17,2590,107927,1.96
Texas,2021-01-24,2642,111582,1.2
Texas,2021-01-31,2661,113608,0.86
Texas,2021-02-07,2683,116598,0.91
Texas,2021-02-14,2695,118125,0.93
Texas,2021-02-21,2738,120554,1.6
Texas,2021-02-28,2770,122545,1.44
Texas,2021-03-07,2784,123777,1.18
Texas,2021-03-14,2809,124966,1.79
Texas,2021-03-21,2824,126069,1.72
Texas,2021-03-28,2837,127428,1.25
Texas,2021-04-04,2850,128498,1.53
Texas,2021-04-11,2865,129960,0.89
Texas,2021-04-18,2879,131270,1.2
Texas,2021-04-25,2900,132604,1.52
Texas,2021-05-02,2918,133692,1.39
Texas,2021-05-09,2929,134657,1.3
Texas,2021-05-16,2950,136008,1.72
Texas,2021-05-23,2956,136881,0.81
Texas,2021-05-30,2977,137984,1.99
Texas,2021-06-06,3007,139633,1.87
Texas,2021-06-13,3023,141561,0.91
Texas,2021-06-20,3053,143739,1.51
Texas,2021-06-27,3083,145495,1.89
Texas,2021-07-04,3109,147062,1.95
Texas,2021-07-11,3137,148769,1.54
Texas,2021-07-18,3153,150111,1.18
Texas,2021-07-25,3166,151320,1.3
Texas,2021-08-01,3185,152350,1.96
Texas,2021-08-08,3204,154253,0.97
Texas,2021-08-15,3228,155506,1.75
Texas,2021-08-22,3248,156725,1.89
Texas,2021-08-29,3288,158503,1.98
Texas,2021-09-05,3310,160741,1.21
Texas,2021-09-12,3333,162255,1.4
Texas,2021-09-19,3356,163817,1.59
Texas,2021-09-26,3385,165718,1.59
Texas,2021-10-03,3414,168365,0.99
Texas,2021-10-10,3433,170108,1.03
Texas,2021-10-17,3464,173129,1.1
Texas,2021-10-24,3495,175805,1.05
Texas,2021-10-31,3525,178992,0.97
Texas,2021-11-07,3567,182311,1.2
Texas,2021-11-14,3595,184464,1.53
Texas,2021-11-21,3635,188100,1.23
Texas,2021-11-28,3665,191839,0.86
Texas,2021-12-05,3703,194749,1.14
Texas,2021-12-12,3737,198420,0.88
Texas,2021-12-19,3793,201677,1.88
Texas,2021-12-26,3839,205019,1.4
Utah,2020-03-01,5,159,2.91
Utah,2020-03-08,13,364,4.42
Utah,2020-03-15,26,648,4.38
Utah,2020-03-22,39,1004,4.15
Utah,2020-03-29,48,1339,2.81
Utah,2020-04-05,59,1612,3.99
Utah,2020-04-12,70,1917,3.04
Utah,2020-04-19,75,2143,2.59
Utah,2020-04-26,91,2494,4.46
Utah,2020-05-03,100,2780,2.93
Utah,2020-05-10,103,2926,2.7
Utah,2020-05-17,108,3069,4.06
Utah,2020-05-24,111,3186,3.37
Utah,2020-05-31,113,3236,3.86
Utah,2020-06-07,115,3331,2.39
Utah,2020-06-14,117,3437,2.98
Utah,2020-06-21,119,3557,2.34
Utah,2020-06-28,121,3681,2.23
Utah,2020-07-05,122,3760,1.87
Utah,2020-07-12,124,3864,2.87
Utah,2020-07-19,125,3939,1.51
Utah,2020-07-26,127,4066,2.54
Utah,2020-08-02,129,4186,2.67
Utah,2020-08-09,130,4302,1.95
Utah,2020-08-16,131,4384,2.2
Utah,2020-08-23,132,4469,1.76
Utah,2020-08-30,135,4596,2.67
Utah,2020-09-06,136,4679,1.83
Utah,2020-09-13,138,4780,2.41
Utah,2020-09-20,139,4888,1.94
Utah,2020-09-27,140,4996,2.02
Utah,2020-10-04,144,5285,1.91
Utah,2020-10-11,154,5699,2.78
Utah,2020-10-18,160,5978,2.61
Utah,2020-10-25,165,6359,1.6
Utah,2020-11-01,177,6870,2.71
Utah,2020-11-08,182,7281,1.7
Utah,2020-11-15,197,7895,2.48
Utah,2020-11-22,214,8457,2.76
Utah,2020-11-29,220,8805,1.78
Utah,2020-12-06,234,9257,2.97
Utah,2020-12-13,246,9869,1.8
Utah,2020-12-20,256,10285,2.98
Utah,2020-12-27,267,10736,2.69
Utah,2021-01-03,274,11150,1.98
Utah,2021-01-10,278,11569,0.87
Utah,2021-01-17,282,11964,1.28
Utah,2021-01-24,284,12313,0.82
Utah,2021-01-31,286,12632,1.03
Utah,2021-02-07,288,12923,0.86
Utah,2021-02-14,290,13111,1.5
Utah,2021-02-21,292,13351,1.11
Utah,2021-02-28,294,13494,1.31
Utah,2021-03-07,295,13602,1.11
Utah,2021-03-14,297,13741,1.62
Utah,2021-03-21,298,13900,1.38
Utah,2021-03-28,299,14014,1.59
Utah,2021-04-04,301,14147,1.62
Utah,2021-04-11,303,14307,1.5
Utah,2021-04-18,305,14418,1.61
Utah,2021-04-25,307,14539,1.73
Utah,2021-05-02,308,14635,1.5
Utah,2021-05-09,310,14802,1.77
Utah,2021-05-16,311,14903,1.51
Utah,2021-05-23,312,14997,1.45
Utah,2021-05-30,314,15096,1.76
Utah,2021-06-06,317,15346,1.79
Utah,2021-06-13,319,15521,1.05
Utah,2021-06-20,323,15765,1.66
Utah,2021-06-27,325,15963,1.27
Utah,2021-07-04,326,16093,0.84
Utah,2021-07-11,328,16256,1.46
Utah,2021-07-18,329,16399,1.37
Utah,2021-07-25,331,16551,1.78
Utah,2021-08-01,334,16725,1.87
Utah,2021-08-08,335,16930,1.12
Utah,2021-08-15,336,17076,1.13
Utah,2021-08-22,337,17270,0.9
Utah,2021-08-29,339,17418,1.56
Utah,2021-09-05,343,17657,1.93
Utah,2021-09-12,344,17842,1.09
Utah,2021-09-19,348,18119,1.49
Utah,2021-09-26,349,18353,0.83
Utah,2021-10-03,352,18609,1.66
Utah,2021-10-10,357,18909,1.77
Utah,2021-10-17,361,19229,1.28
Utah,2021-10-24,367,19569,1.99
Utah,2021-10-31,369,19859,1.0
Utah,2021-11-07,375,20215,1.9
Utah,2021-11-14,377,20482,1.14
Utah,2021-11-21,380,20779,1.08
Utah,2021-11-28,383,21024,1.45
Utah,2021-12-05,387,21328,1.52
Utah,2021-12-12,391,21719,1.34
Utah,2021-12-19,397,22151,1.71
Utah,2021-12-26,399,22424,0.89
Vermont,2020-03-01,0,33,2.6
Vermont,2020-03-08,1,80,3.09
Vermont,2020-03-15,2,137,2.99
Vermont,2020-03-22,3,202,3.29
Vermont,2020-03-29,5,264,4.34
Vermont,2020-04-05,6,315,3.87
Vermont,2020-04-12,8,381,3.97
Vermont,2020-04-19,10,452,3.94
Vermont,2020-04-26,12,494,4.17
Vermont,2020-05-03,13,529,3.48
Vermont,2020-05-10,14,571,3.94
Vermont,2020-05-17,15,604,2.86
Vermont,2020-05-24,15,621,3.16
Vermont,2020-05-31,15,631,3.82
Vermont,2020-06-07,15,645,1.67
Vermont,2020-06-14,15,667,2.57
Vermont,2020-06-21,15,686,1.63
Vermont,2020-06-28,15,710,2.55
Vermont,2020-07-05,15,732,2.74
Vermont,2020-07-12,15,749,1.83
Vermont,2020-07-19,15,769,1.76
Vermont,2020-07-26,15,787,1.85
Vermont,2020-08-02,15,811,2.62
Vermont,2020-08-09,15,831,2.23
Vermont,2020-08-16,15,854,1.87
Vermont,2020-08-23,15,876,1.76
Vermont,2020-08-30,15,889,1.71
Vermont,2020-09-06,15,903,2.48
Vermont,2020-09-13,15,920,2.81
Vermont,2020-09-20,15,937,1.73
Vermont,2020-09-27,15,955,2.42
Vermont,2020-10-04,16,1018,2.44
Vermont,2020-10-11,17,1077,2.04
Vermont,2020-10-18,18,1156,1.77
Vermont,2020-10-25,19,1234,2.13
Vermont,2020-11-01,21,1341,2.64
Vermont,2020-11-08,23,1440,2.85
Vermont,2020-11-15,25,1519,2.31
Vermont,2020-11-22,26,1587,2.98
Vermont,2020-11-29,27,1675,1.94
Vermont,2020-12-06,30,1787,2.93
Vermont,2020-12-13,33,1907,2.74
Vermont,2020-12-20,35,2008,2.15
Vermont,2020-12-27,36,2072,2.54
Vermont,2021-01-03,37,2170,1.79
Vermont,2021-01-10,37,2239,1.38
Vermont,2021-01-17,37,2301,1.51
Vermont,2021-01-24,37,2348,0.8
Vermont,2021-01-31,38,2416,1.95
Vermont,2021-02-07,38,2468,0.98
Vermont,2021-02-14,38,2504,1.53
Vermont,2021-02-21,38,2538,1.72
Vermont,2021-02-28,38,2572,0.93
Vermont,2021-03-07,38,2592,1.25
Vermont,2021-03-14,38,2614,1.59
Vermont,2021-03-21,38,2638,1.03
Vermont,2021-03-28,38,2669,1.49
Vermont,2021-04-04,38,2689,1.34
Vermont,2021-04-11,38,2721,1.86
Vermont,2021-04-18,38,2746,1.07
Vermont,2021-04-25,38,2777,1.43
Vermont,2021-05-02,38,2798,1.76
Vermont,2021-05-09,38,2823,1.06
Vermont,2021-05-16,38,2855,1.42
Vermont,2021-05-23,38,2881,1.73
Vermont,2021-05-30,38,2901,1.5
Vermont,2021-06-06,38,2949,1.86
Vermont,2021-06-13,38,2978,1.95
Vermont,2021-06-20,38,3018,1.6
Vermont,2021-06-27,38,3047,1.71
Vermont,2021-07-04,38,3082,1.39
Vermont,2021-07-11,38,3106,1.21
Vermont,2021-07-18,38,3147,1.74
Vermont,2021-07-25,38,3179,1.0
Vermont,2021-08-01,38,3208,0.93
Vermont,2021-08-08,38,3248,1.86
Vermont,2021-08-15,38,3289,1.13
Vermont,2021-08-22,38,3331,1.84
Vermont,2021-08-29,38,3369,1.78
Vermont,2021-09-05,38,3416,1.46
Vermont,2021-09-12,38,3469,0.94
Vermont,2021-09-19,38,3512,1.27
Vermont,2021-09-26,38,3546,1.41
Vermont,2021-10-03,38,3586,1.31
Vermont,2021-10-10,38,3635,1.23
Vermont,2021-10-17,38,3690,1.56
Vermont,2021-10-24,39,3746,1.78
Vermont,2021-10-31,39,3800,1.59
Vermont,2021-11-07,39,3865,0.87
Vermont,2021-11-14,39,3921,1.14
Vermont,2021-11-21,39,3968,1.71
Vermont,2021-11-28,39,4028,1.43
Vermont,2021-12-05,39,4113,0.9
Vermont,2021-12-12,40,4198,1.54
Vermont,2021-12-19,41,4265,1.65
Vermont,2021-12-26,42,4352,1.21
Virginia,2020-03-01,8,303,2.56
Virginia,2020-03-08,18,761,2.62
Virginia,2020-03-15,44,1406,3.96
Virginia,2020-03-22,70,2054,3.51
Virginia,2020-03-29,107,3045,3.15
Virginia,2020-04-05,127,4014,2.62
Virginia,2020-04-12,150,4696,3.96
Virginia,2020-04-19,175,5505,2.69
Virginia,2020-04-26,208,6160,4.32
Virginia,2020-05-03,220,6593,3.43
Virginia,2020-05-10,237,7206,3.54
Virginia,2020-05-17,247,7484,3.27
Virginia,2020-05-24,257,7752,4.24
Virginia,2020-05-31,260,7849,4.45
Virginia,2020-06-07,265,8177,2.05
Virginia,2020-06-14,275,8465,2.97
Virginia,2020-06-21,278,8671,1.77
Virginia,2020-06-28,284,8951,2.61
Virginia,2020-07-05,293,9281,2.46
Virginia,2020-07-12,299,9546,2.12
Virginia,2020-07-19,307,9817,2.8
Virginia,2020-07-26,312,10103,2.32
Virginia,2020-08-02,314,10290,1.8
Virginia,2020-08-09,318,10510,1.96
Virginia,2020-08-16,321,10756,1.65
Virginia,2020-08-23,327,11041,2.31
Virginia,2020-08-30,334,11320,2.74
Virginia,2020-09-06,343,11600,2.93
Virginia,2020-09-13,348,11847,2.47
Virginia,2020-09-20,356,12115,2.97
Virginia,2020-09-27,364,12440,2.11
Virginia,2020-10-04,378,13306,1.56
Virginia,2020-10-11,391,14095,1.55
Virginia,2020-10-18,412,14958,2.69
Virginia,2020-10-25,436,15836,2.96
Virginia,2020-11-01,466,17052,2.41
Virginia,2020-11-08,502,18557,2.51
Virginia,2020-11-15,529,20079,1.77
Virginia,2020-11-22,573,21706,2.44
Virginia,2020-11-29,618,23119,2.76
Virginia,2020-12-06,637,24233,1.75
Virginia,2020-12-13,657,25655,1.84
Virginia,2020-12-20,692,26770,2.95
Virginia,2020-12-27,710,27880,1.79
Virginia,2021-01-03,719,28774,0.93
Virginia,2021-01-10,730,30125,1.0
Virginia,2021-01-17,740,30986,1.35
Virginia,2021-01-24,748,31755,1.04
Virginia,2021-01-31,761,32643,1.56
Virginia,2021-02-07,775,33520,1.96
Virginia,2021-02-14,781,34043,1.43
Virginia,2021-02-21,789,34582,1.5
Virginia,2021-02-28,796,35036,1.45
Virginia,2021-03-07,799,35320,1.59
Virginia,2021-03-14,802,35575,1.46
Virginia,2021-03-21,804,35821,1.01
Virginia,2021-03-28,808,36208,1.04
Virginia,2021-04-04,812,36487,1.54
Virginia,2021-04-11,820,36864,1.99
Virginia,2021-04-18,823,37106,1.86
Virginia,2021-04-25,827,37545,1.14
Virginia,2021-05-02,829,37805,0.93
Virginia,2021-05-09,836,38242,1.53
Virginia,2021-05-16,839,38641,1.12
Virginia,2021-05-23,841,38883,1.22
Virginia,2021-05-30,843,39137,1.02
Virginia,2021-06-06,850,39851,0.97
Virginia,2021-06-13,856,40420,1.45
Virginia,2021-06-20,859,40873,0.86
Virginia,2021-06-27,865,41266,1.47
Virginia,2021-07-04,870,41737,1.32
Virginia,2021-07-11,876,42275,1.06
Virginia,2021-07-18,882,42778,1.3
Virginia,2021-07-25,885,43202,0.91
Virginia,2021-08-01,888,43534,1.02
Virginia,2021-08-08,894,44066,1.08
Virginia,2021-08-15,906,44641,1.95
Virginia,2021-08-22,909,45072,0.89
Virginia,2021-08-29,920,45582,1.82
Virginia,2021-09-05,925,46105,1.21
Virginia,2021-09-12,930,46492,1.41
Virginia,2021-09-19,941,47191,1.41
Virginia,2021-09-26,951,47861,1.81
Virginia,2021-10-03,962,48662,1.61
Virginia,2021-10-10,970,49231,1.91
Virginia,2021-10-17,979,49952,1.18
Virginia,2021-10-24,990,50885,1.23
Virginia,2021-10-31,1011,51930,1.74
Virginia,2021-11-07,1019,52742,1.08
Virginia,2021-11-14,1027,53728,0.93
Virginia,2021-11-21,1036,54382,1.32
Virginia,2021-11-28,1048,55039,1.61
Virginia,2021-12-05,1063,55826,1.63
Virginia,2021-12-12,1073,57033,1.08
Virginia,2021-12-19,1086,57781,1.64
Virginia,2021-12-26,1096,58827,1.2
Washington,2020-03-01,15,399,3.47
Washington,2020-03-08,28,874,3.18
Washington,2020-03-15,40,1366,3.03
Washington,2020-03-22,53,1982,2.57
Washington,2020-03-29,81,2826,3.15
Washington,2020-04-05,118,3685,3.66
Washington,2020-04-12,143,4220,3.98
Washington,2020-04-19,165,5083,2.84
Washington,2020-04-26,185,5595,3.7
Washington,2020-05-03,203,6078,3.58
Washington,2020-05-10,222,6491,4.21
Washington,2020-05-17,229,6727,3.74
Washington,2020-05-24,240,6946,4.41
Washington,2020-05-31,243,7058,3.08
Washington,2020-06-07,246,7290,1.67
Washington,2020-06-14,248,7450,1.99
Washington,2020-06-21,255,7743,2.59
Washington,2020-06-28,258,7915,2.28
Washington,2020-07-05,264,8148,2.75
Washington,2020-07-12,270,8394,2.31
Washington,2020-07-19,276,8681,2.27
Washington,2020-07-26,280,8903,1.78
Washington,2020-08-02,283,9131,1.65
Washington,2020-08-09,289,9356,2.83
Washington,2020-08-16,294,9609,2.01
Washington,2020-08-23,298,9830,2.49
Washington,2020-08-30,302,10057,1.94
Washington,2020-09-06,306,10348,1.77
Washington,2020-09-13,312,10577,2.79
Washington,2020-09-20,318,10838,2.78
Washington,2020-09-27,322,11051,2.03
Washington,2020-10-04,333,11581,1.96
Washington,2020-10-11,351,12418,2.15
Washington,2020-10-18,366,13138,2.15
Washington,2020-10-25,391,14316,1.89
Washington,2020-11-01,409,15415,1.53
Washington,2020-11-08,435,16182,3.0
Washington,2020-11-15,452,17151,1.89
Washington,2020-11-22,471,18183,2.06
Washington,2020-11-29,495,19407,1.75
Washington,2020-12-06,529,20758,2.21
Washington,2020-12-13,544,21707,1.53
Washington,2020-12-20,572,22766,2.35
Washington,2020-12-27,608,24100,2.45
Washington,2021-01-03,616,24838,0.99
Washington,2021-01-10,626,25718,1.34
Washington,2021-01-17,635,26618,1.02
Washington,2021-01-24,640,27238,0.88
Washington,2021-01-31,648,27820,1.87
Washington,2021-02-07,655,28321,1.46
Washington,2021-02-14,658,28724,0.81
Washington,2021-02-21,664,29266,1.24
Washington,2021-02-28,668,29649,1.21
Washington,2021-03-07,672,30023,1.02
Washington,2021-03-14,674,30258,1.06
Washington,2021-03-21,678,30496,1.9
Washington,2021-03-28,683,30723,1.95
Washington,2021-04-04,688,31074,1.92
Washington,2021-04-11,694,31440,1.63
Washington,2021-04-18,698,31798,1.22
Washington,2021-04-25,700,32059,1.19
Washington,2021-05-02,704,32443,1.15
Washington,2021-05-09,709,32727,1.95
Washington,2021-05-16,715,33082,1.83
Washington,2021-05-23,720,33364,1.7
Washington,2021-05-30,724,33715,1.07
Washington,2021-06-06,731,34185,1.49
Washington,2021-06-13,737,34571,1.74
Washington,2021-06-20,742,35126,1.01
Washington,2021-06-27,745,35637,0.82
Washington,2021-07-04,752,36165,1.14
Washington,2021-07-11,756,36484,1.23
Washington,2021-07-18,762,36905,1.5
Washington,2021-07-25,766,37364,1.08
Washington,2021-08-01,770,37667,1.52
Washington,2021-08-08,773,38016,1.37
Washington,2021-08-15,777,38317,1.62
Washington,2021-08-22,783,38822,1.63
Washington,2021-08-29,787,39287,0.91
Washington,2021-09-05,796,39881,1.44
Washington,2021-09-12,802,40290,1.33
Washington,2021-09-19,806,40703,1.12
Washington,2021-09-26,815,41321,1.25
Washington,2021-10-03,820,41761,1.24
Washington,2021-10-10,827,42276,1.59
Washington,2021-10-17,832,42753,0.95
Washington,2021-10-24,843,43458,1.76
Washington,2021-10-31,855,44213,1.39
Washington,2021-11-07,866,45068,1.68
Washington,2021-11-14,878,45861,1.36
Washington,2021-11-21,885,46538,1.12
Washington,2021-11-28,892,47224,0.96
Washington,2021-12-05,909,48077,1.83
Washington,2021-12-12,917,48801,1.46
Washington,2021-12-19,929,49847,1.29
Washington,2021-12-26,937,50584,1.35
West Virginia,2020-03-01,3,82,4.1
West Virginia,2020-03-08,7,184,3.44
West Virginia,2020-03-15,10,286,4.28
West Virginia,2020-03-22,16,463,3.67
West Virginia,2020-03-29,21,673,2.7
West Virginia,2020-04-05,27,856,4.12
West Virginia,2020-04-12,33,1065,3.3
West Virginia,2020-04-19,38,1258,2.68
West Virginia,2020-04-26,41,1368,3.21
West Virginia,2020-05-03,45,1500,3.31
West Virginia,2020-05-10,48,1585,3.41
West Virginia,2020-05-17,50,1676,2.79
West Virginia,2020-05-24,52,1739,3.55
West Virginia,2020-05-31,52,1771,3.13
West Virginia,2020-06-07,53,1839,2.51
West Virginia,2020-06-14,53,1880,1.81
West Virginia,2020-06-21,53,1927,1.53
West Virginia,2020-06-28,53,1970,1.51
West Virginia,2020-07-05,54,2015,2.13
West Virginia,2020-07-12,55,2081,2.19
West Virginia,2020-07-19,55,2136,1.87
West Virginia,2020-07-26,56,2203,1.78
West Virginia,2020-08-02,56,2255,2.24
West Virginia,2020-08-09,56,2297,2.07
West Virginia,2020-08-16,56,2342,2.13
West Virginia,2020-08-23,57,2408,1.99
West Virginia,2020-08-30,58,2461,2.62
West Virginia,2020-09-06,58,2512,1.53
West Virginia,2020-09-13,59,2565,1.95
West Virginia,2020-09-20,60,2622,2.18
West Virginia,2020-09-27,60,2675,1.56
West Virginia,2020-10-04,63,2898,1.77
West Virginia,2020-10-11,66,3047,2.49
West Virginia,2020-10-18,72,3297,2.63
West Virginia,2020-10-25,78,3535,2.53
West Virginia,2020-11-01,83,3769,2.47
West Virginia,2020-11-08,90,4041,2.42
West Virginia,2020-11-15,96,4323,2.28
West Virginia,2020-11-22,99,4581,1.86
West Virginia,2020-11-29,106,4859,2.39
West Virginia,2020-12-06,110,5104,2.09
West Virginia,2020-12-13,114,5299,2.66
West Virginia,2020-12-20,120,5571,2.53
West Virginia,2020-12-27,125,5871,2.17
West Virginia,2021-01-03,129,6157,1.83
West Virginia,2021-01-10,130,6311,0.91
West Virginia,2021-01-17,133,6566,1.47
West Virginia,2021-01-24,135,6789,1.34
West Virginia,2021-01-31,139,6996,1.82
West Virginia,2021-02-07,141,7143,1.75
West Virginia,2021-02-14,143,7279,1.98
West Virginia,2021-02-21,144,7416,1.39
West Virginia,2021-02-28,145,7537,1.0
West Virginia,2021-03-07,145,7590,1.94
West Virginia,2021-03-14,145,7649,0.95
West Virginia,2021-03-21,146,7729,1.69
West Virginia,2021-03-28,146,7799,0.93
West Virginia,2021-04-04,147,7859,1.97
West Virginia,2021-04-11,147,7927,0.98
West Virginia,2021-04-18,147,7982,1.03
West Virginia,2021-04-25,148,8056,1.74
West Virginia,2021-05-02,148,8109,1.36
West Virginia,2021-05-09,148,8168,1.06
West Virginia,2021-05-16,150,8259,1.99
West Virginia,2021-05-23,150,8317,1.05
West Virginia,2021-05-30,151,8380,1.95
West Virginia,2021-06-06,152,8514,1.02
West Virginia,2021-06-13,153,8648,1.0
West Virginia,2021-06-20,153,8739,0.9
West Virginia,2021-06-27,153,8848,0.91
West Virginia,2021-07-04,155,8972,1.61
West Virginia,2021-07-11,155,9048,0.89
West Virginia,2021-07-18,155,9125,1.08
West Virginia,2021-07-25,156,9218,1.19
West Virginia,2021-08-01,156,9290,1.36
West Virginia,2021-08-08,156,9380,0.87
West Virginia,2021-08-15,157,9490,1.39
West Virginia,2021-08-22,158,9593,1.71
West Virginia,2021-08-29,160,9699,1.78
West Virginia,2021-09-05,162,9826,1.86
West Virginia,2021-09-12,163,9934,1.48
West Virginia,2021-09-19,165,10070,1.99
West Virginia,2021-09-26,166,10188,1.14
West Virginia,2021-10-03,167,10302,1.65
West Virginia,2021-10-10,169,10468,1.63
West Virginia,2021-10-17,171,10598,1.55
West Virginia,2021-10-24,175,10795,1.82
West Virginia,2021-10-31,178,10971,1.89
West Virginia,2021-11-07,180,11187,0.81
West Virginia,2021-11-14,182,11365,1.76
West Virginia,2021-11-21,183,11540,1.13
West Virginia,2021-11-28,185,11687,1.77
West Virginia,2021-12-05,186,11859,1.01
West Virginia,2021-12-12,187,12026,1.11
West Virginia,2021-12-19,188,12241,0.95
West Virginia,2021-12-26,191,12408,1.97
Wisconsin,2020-03-01,9,312,2.98
Wisconsin,2020-03-08,16,596,2.57
Wisconsin,2020-03-15,28,1029,2.77
Wisconsin,2020-03-22,51,1709,3.29
Wisconsin,2020-03-29,80,2436,4.16
Wisconsin,2020-04-05,98,3108,2.76
Wisconsin,2020-04-12,111,3612,2.82
Wisconsin,2020-04-19,127,4039,3.9
Wisconsin,2020-04-26,138,4541,2.79
Wisconsin,2020-05-03,154,4982,4.47
Wisconsin,2020-05-10,164,5275,4.24
Wisconsin,2020-05-17,174,5579,3.55
Wisconsin,2020-05-24,178,5724,3.09
Wisconsin,2020-05-31,182,5837,3.95
Wisconsin,2020-06-07,186,6045,1.89
Wisconsin,2020-06-14,190,6217,2.67
Wisconsin,2020-06-21,195,6409,2.82
Wisconsin,2020-06-28,197,6539,2.27
Wisconsin,2020-07-05,202,6734,2.93
Wisconsin,2020-07-12,205,6907,2.48
Wisconsin,2020-07-19,209,7057,2.88
Wisconsin,2020-07-26,211,7182,1.81
Wisconsin,2020-08-02,216,7386,2.76
Wisconsin,2020-08-09,221,7608,2.33
Wisconsin,2020-08-16,224,7795,1.68
Wisconsin,2020-08-23,226,7931,1.88
Wisconsin,2020-08-30,231,8120,2.76
Wisconsin,2020-09-06,234,8283,2.88
Wisconsin,2020-09-13,238,8497,1.85
Wisconsin,2020-09-20,241,8635,2.37
Wisconsin,2020-09-27,246,8809,2.62
Wisconsin,2020-10-04,264,9454,2.89
Wisconsin,2020-10-11,271,9955,1.57
Wisconsin,2020-10-18,281,10490,2.34
Wisconsin,2020-10-25,290,11021,1.55
Wisconsin,2020-11-01,309,11846,2.04
Wisconsin,2020-11-08,327,12456,2.97
Wisconsin,2020-11-15,346,13147,2.52
Wisconsin,2020-11-22,366,13984,2.79
Wisconsin,2020-11-29,377,14750,1.64
Wisconsin,2020-12-06,394,15492,2.88
Wisconsin,2020-12-13,416,16320,2.3
Wisconsin,2020-12-20,450,17412,2.63
Wisconsin,2020-12-27,480,18356,2.94
Wisconsin,2021-01-03,487,18925,1.28
Wisconsin,2021-01-10,494,19572,1.13
Wisconsin,2021-01-17,501,20397,0.84
Wisconsin,2021-01-24,516,21073,1.96
Wisconsin,2021-01-31,523,21695,1.42
Wisconsin,2021-02-07,532,22189,1.72
Wisconsin,2021-02-14,537,22692,1.03
Wisconsin,2021-02-21,539,23036,0.81
Wisconsin,2021-02-28,543,23301,1.81
Wisconsin,2021-03-07,546,23506,1.95
Wisconsin,2021-03-14,547,23672,1.14
Wisconsin,2021-03-21,548,23851,0.89
Wisconsin,2021-03-28,550,24042,1.23
Wisconsin,2021-04-04,554,24267,1.9
Wisconsin,2021-04-11,557,24488,1.7
Wisconsin,2021-04-18,559,24665,1.58
Wisconsin,2021-04-25,564,24941,1.9
Wisconsin,2021-05-02,568,25190,1.4
Wisconsin,2021-05-09,572,25472,1.89
Wisconsin,2021-05-16,574,25746,1.12
Wisconsin,2021-05-23,576,26044,0.82
Wisconsin,2021-05-30,579,26230,1.78
Wisconsin,2021-06-06,582,26585,1.06
Wisconsin,2021-06-13,586,26919,1.59
Wisconsin,2021-06-20,588,27175,0.92
Wisconsin,2021-06-27,594,27567,1.87
Wisconsin,2021-07-04,599,27897,1.72
Wisconsin,2021-07-11,602,28185,1.43
Wisconsin,2021-07-18,604,28398,0.98
Wisconsin,2021-07-25,606,28617,1.03
Wisconsin,2021-08-01,608,28837,1.03
Wisconsin,2021-08-08,611,29050,1.58
Wisconsin,2021-08-15,615,29390,1.51
Wisconsin,2021-08-22,621,29778,1.39
Wisconsin,2021-08-29,627,30095,1.98
Wisconsin,2021-09-05,633,30549,1.42
Wisconsin,2021-09-12,642,30983,1.86
Wisconsin,2021-09-19,647,31340,1.76
Wisconsin,2021-09-26,651,31776,1.02
Wisconsin,2021-10-03,656,32343,0.98
Wisconsin,2021-10-10,660,32847,0.94
Wisconsin,2021-10-17,665,33369,1.02
Wisconsin,2021-10-24,671,34048,1.06
Wisconsin,2021-10-31,679,34586,1.7
Wisconsin,2021-11-07,686,34996,1.45
Wisconsin,2021-11-14,694,35553,1.3
Wisconsin,2021-11-21,705,36238,1.66
Wisconsin,2021-11-28,720,37044,1.63
Wisconsin,2021-12-05,731,37758,1.68
Wisconsin,2021-12-12,740,38327,1.74
Wisconsin,2021-12-19,748,38999,1.1
Wisconsin,2021-12-26,757,39494,1.8
Wyoming,2020-03-01,0,23,3.58
Wyoming,2020-03-08,0,56,3.2
Wyoming,2020-03-15,1,114,2.56
Wyoming,2020-03-22,2,161,3.79
Wyoming,2020-03-29,4,222,3.96
Wyoming,2020-04-05,5,266,3.81
Wyoming,2020-04-12,6,306,3.33
Wyoming,2020-04-19,7,358,3.91
Wyoming,2020-04-26,8,400,2.62
Wyoming,2020-05-03,9,442,3.2
Wyoming,2020-05-10,10,475,3.44
Wyoming,2020-05-17,10,501,3.82
Wyoming,2020-05-24,10,513,2.81
Wyoming,2020-05-31,10,524,3.32
Wyoming,2020-06-07,10,543,2.75
Wyoming,2020-06-14,10,561,2.79
Wyoming,2020-06-21,10,574,1.64
Wyoming,2020-06-28,10,586,2.24
Wyoming,2020-07-05,10,601,2.81
Wyoming,2020-07-12,10,616,2.66
Wyoming,2020-07-19,10,635,2.72
Wyoming,2020-07-26,10,656,1.98
Wyoming,2020-08-02,10,668,1.89
Wyoming,2020-08-09,10,683,2.81
Wyoming,2020-08-16,10,700,2.15
Wyoming,2020-08-23,10,722,1.94
Wyoming,2020-08-30,10,738,1.59
Wyoming,2020-09-06,10,758,1.65
Wyoming,2020-09-13,10,771,2.65
Wyoming,2020-09-20,10,788,2.2
Wyoming,2020-09-27,10,808,2.72
Wyoming,2020-10-04,11,868,2.19
Wyoming,2020-10-11,11,944,1.54
Wyoming,2020-10-18,12,1029,1.92
Wyoming,2020-10-25,12,1096,1.68
Wyoming,2020-11-01,13,1156,1.87
Wyoming,2020-11-08,15,1246,2.98
Wyoming,2020-11-15,16,1330,2.28
Wyoming,2020-11-22,17,1416,1.51
Wyoming,2020-11-29,18,1481,1.65
Wyoming,2020-12-06,20,1551,2.84
Wyoming,2020-12-13,22,1660,2.91
Wyoming,2020-12-20,23,1742,1.76
Wyoming,2020-12-27,25,1839,2.78
Wyoming,2021-01-03,25,1925,0.92
Wyoming,2021-01-10,26,2005,1.31
Wyoming,2021-01-17,26,2053,1.83
Wyoming,2021-01-24,27,2122,1.78
Wyoming,2021-01-31,27,2168,1.94
Wyoming,2021-02-07,27,2203,1.32
Wyoming,2021-02-14,27,2244,1.8
Wyoming,2021-02-21,27,2274,1.94
Wyoming,2021-02-28,27,2315,1.17
Wyoming,2021-03-07,27,2336,1.01
Wyoming,2021-03-14,27,2354,1.04
Wyoming,2021-03-21,27,2376,1.76
Wyoming,2021-03-28,27,2404,1.56
Wyoming,2021-04-04,27,2429,1.34
Wyoming,2021-04-11,27,2446,1.83
Wyoming,2021-04-18,27,2465,1.72
Wyoming,2021-04-25,27,2484,0.88
Wyoming,2021-05-02,27,2510,1.78
Wyoming,2021-05-09,27,2533,1.65
Wyoming,2021-05-16,27,2558,0.9
Wyoming,2021-05-23,27,2580,1.58
Wyoming,2021-05-30,27,2598,1.05
Wyoming,2021-06-06,27,2629,1.27
Wyoming,2021-06-13,27,2663,1.73
Wyoming,2021-06-20,27,2689,0.86
Wyoming,2021-06-27,27,2713,0.98
Wyoming,2021-07-04,27,2746,1.5
Wyoming,2021-07-11,27,2782,1.29
Wyoming,2021-07-18,27,2807,0.98
Wyoming,2021-07-25,27,2829,0.94
Wyoming,2021-08-01,27,2854,1.95
Wyoming,2021-08-08,27,2892,1.25
Wyoming,2021-08-15,27,2919,1.02
Wyoming,2021-08-22,27,2958,1.98
Wyoming,2021-08-29,27,2984,1.31
Wyoming,2021-09-05,27,3015,0.95
Wyoming,2021-09-12,27,3046,1.22
Wyoming,2021-09-19,27,3083,1.98
Wyoming,2021-09-26,28,3133,1.81
Wyoming,2021-10-03,28,3184,1.59
Wyoming,2021-10-10,28,3218,1.36
Wyoming,2021-10-17,29,3275,1.95
Wyoming,2021-10-24,30,3338,1.65
Wyoming,2021-10-31,31,3392,1.91
Wyoming,2021-11-07,32,3460,1.61
Wyoming,2021-11-14,32,3502,1.92
Wyoming,2021-11-21,32,3554,0.98
Wyoming,2021-11-28,33,3627,1.78
Wyoming,2021-12-05,33,3684,1.16
Wyoming,2021-12-12,33,3759,0.9
Wyoming,2021-12-19,34,3822,1.43
Wyoming,2021-12-26,34,3867,1.73
